09-47-52.325000,----------
09-47-52.325000,[R]: 51 
09-47-52.895000,[R]: 51 
09-47-53.754000,[R]: 51 
09-47-54.334000,[R]: 51 
09-47-54.347000,S 1 	RSSI: 58
09-47-54.347000,[R]: 51 
09-47-54.350000,S 1 	RSSI: 58
09-47-54.352000,S 1 	RSSI: 58
09-47-54.355000,[R]: 51 
09-47-54.360000,S 1 	RSSI: 58
09-47-54.366000,[R]: 51 
09-47-54.369000,S 1 	RSSI: 58
09-47-54.381000,[R]: 51 
09-47-54.391000,S 1 	RSSI: 58
09-47-54.407000,[R]: 51 
09-47-54.409000,S 1 	RSSI: 58
09-47-54.417000,[R]: 51 
09-47-54.419000,S 1 	RSSI: 58
09-47-54.426000,[R]: 51 
09-47-54.426000,S 1 	RSSI: 59
09-47-54.427000,[R]: 51 
09-47-54.427000,S 1 	RSSI: 59
09-47-54.428000,[R]: 51 
09-47-54.428000,S 1 	RSSI: 59
09-47-54.429000,[R]: 51 
09-47-54.430000,S 1 	RSSI: 59
09-47-54.434000,[R]: 51 
09-47-54.442000,[R]: 51 
09-47-54.446000,S 1 	RSSI: 60
09-47-54.449000,[R]: 51 
09-47-54.455000,S 1 	RSSI: 60
09-47-54.458000,[R]: 51 
09-47-54.484000,S 1 	RSSI: 59
09-47-54.484000,[R]: 51 
09-47-54.485000,S 1 	RSSI: 60
09-47-54.485000,[R]: 51 
09-47-54.486000,S 1 	RSSI: 60
09-47-54.486000,[R]: 51 
09-47-54.487000,S 1 	RSSI: 60
09-47-54.496000,S 1 	RSSI: 60
09-47-54.499000,[R]: 51 
09-47-54.500000,S 1 	RSSI: 60
09-47-54.503000,[R]: 51 
09-47-54.508000,S 1 	RSSI: 60
09-47-54.511000,[R]: 51 
09-47-54.517000,S 1 	RSSI: 60
09-47-54.519000,[R]: 51 
09-47-54.524000,S 1 	RSSI: 60
09-47-54.528000,[R]: 51 
09-47-54.532000,S 1 	RSSI: 60
09-47-54.590000,[R]: 51 
09-47-54.591000,S 1 	RSSI: 59
09-47-54.617000,[R]: 51 
09-47-54.617000,S 1 	RSSI: 59
09-47-54.618000,[R]: 51 
09-47-54.618000,S 1 	RSSI: 59
09-47-54.618000,S 1 	RSSI: 59
09-47-54.619000,[R]: 51 
09-47-54.619000,S 1 	RSSI: 59
09-47-54.620000,[R]: 51 
09-47-54.620000,S 1 	RSSI: 59
09-47-54.621000,[R]: 51 
09-47-54.621000,S 1 	RSSI: 59
09-47-54.621000,[R]: 51 
09-47-54.632000,S 1 	RSSI: 59
09-47-54.632000,[R]: 51 
09-47-54.632000,S 1 	RSSI: 59
09-47-54.635000,[R]: 51 
09-47-54.636000,S 1 	RSSI: 59
09-47-54.636000,[R]: 51 
09-47-54.637000,S 1 	RSSI: 59
09-47-54.637000,[R]: 51 
09-47-54.638000,S 1 	RSSI: 59
09-47-54.638000,[R]: 51 
09-47-54.639000,S 1 	RSSI: 59
09-47-54.640000,[R]: 51 
09-47-54.640000,S 1 	RSSI: 59
09-47-54.648000,[R]: 51 
09-47-54.648000,S 1 	RSSI: 59
09-47-54.656000,[R]: 51 
09-47-54.656000,S 1 	RSSI: 59
09-47-54.664000,[R]: 51 
09-47-54.664000,S 1 	RSSI: 59
09-47-54.672000,S 1 	RSSI: 59
09-47-54.675000,[R]: 51 
09-47-54.681000,S 1 	RSSI: 59
09-47-54.683000,[R]: 51 
09-47-54.697000,[R]: 51 
09-47-54.698000,S 1 	RSSI: 59
09-47-54.701000,S 1 	RSSI: 59
09-47-54.704000,[R]: 51 
09-47-54.709000,S 1 	RSSI: 59
09-47-54.712000,[R]: 51 
09-47-54.718000,S 1 	RSSI: 59
09-47-54.721000,[R]: 51 
09-47-54.726000,S 1 	RSSI: 59
09-47-54.729000,[R]: 51 
09-47-54.734000,S 1 	RSSI: 59
09-47-54.738000,[R]: 51 
09-47-54.743000,S 1 	RSSI: 59
09-47-54.745000,[R]: 51 
09-47-54.751000,S 1 	RSSI: 59
09-47-54.754000,[R]: 51 
09-47-54.767000,[R]: 51 
09-47-54.768000,S 1 	RSSI: 60
09-47-54.770000,S 1 	RSSI: 60
09-47-54.773000,[R]: 51 
09-47-54.779000,S 1 	RSSI: 60
09-47-54.782000,[R]: 51 
09-47-54.787000,S 1 	RSSI: 60
09-47-54.790000,[R]: 51 
09-47-54.795000,S 1 	RSSI: 60
09-47-54.834000,[R]: 51 
09-47-54.925000,S 1 	RSSI: 60
09-47-54.927000,[R]: 51 
09-47-54.928000,[R]: 51 
09-47-54.929000,S 1 	RSSI: 60
09-47-54.930000,[R]: 51 
09-47-54.935000,[R]: 51 
09-47-54.936000,[R]: 51 
09-47-54.936000,S 1 	RSSI: 60
09-47-54.936000,[R]: 51 
09-47-54.938000,S 1 	RSSI: 60
09-47-54.940000,S 1 	RSSI: 60
09-47-54.941000,[R]: 51 
09-47-54.945000,S 1 	RSSI: 60
09-47-54.945000,[R]: 51 
09-47-54.947000,S 1 	RSSI: 62
09-47-54.949000,[R]: 51 
09-47-54.949000,S 1 	RSSI: 59
09-47-54.950000,[R]: 51 
09-47-54.953000,S 1 	RSSI: 59
09-47-54.957000,[R]: 51 
09-47-54.960000,S 1 	RSSI: 59
09-47-55.012000,[R]: 51 
09-47-55.012000,[R]: 51 
09-47-55.013000,S 1 	RSSI: 60
09-47-55.013000,[R]: 51 
09-47-55.014000,S 1 	RSSI: 60
09-47-55.016000,S 1 	RSSI: 60
09-47-55.016000,[R]: 51 
09-47-55.016000,S 1 	RSSI: 60
09-47-55.017000,[R]: 51 
09-47-55.018000,S 1 	RSSI: 58
09-47-55.018000,[R]: 51 
09-47-55.019000,S 1 	RSSI: 60
09-47-55.019000,[R]: 51 
09-47-55.019000,S 1 	RSSI: 60
09-47-55.022000,[R]: 51 
09-47-55.022000,S 1 	RSSI: 60
09-47-55.025000,[R]: 51 
09-47-55.026000,S 1 	RSSI: 60
09-47-55.028000,[R]: 51 
09-47-55.030000,S 1 	RSSI: 61
09-47-55.035000,[R]: 51 
09-47-55.036000,S 1 	RSSI: 61
09-47-55.036000,S 1 	RSSI: 61
09-47-55.037000,[R]: 51 
09-47-55.038000,S 1 	RSSI: 61
09-47-55.040000,[R]: 51 
09-47-55.042000,S 1 	RSSI: 62
09-47-55.043000,[R]: 51 
09-47-55.043000,S 1 	RSSI: 62
09-47-55.043000,[R]: 51 
09-47-55.044000,S 1 	RSSI: 62
09-47-55.044000,[R]: 51 
09-47-55.045000,S 1 	RSSI: 62
09-47-55.046000,[R]: 51 
09-47-55.051000,S 1 	RSSI: 62
09-47-55.055000,[R]: 51 
09-47-55.059000,S 1 	RSSI: 62
09-47-55.062000,[R]: 51 
09-47-55.068000,S 1 	RSSI: 62
09-47-55.072000,S 1 	RSSI: 62
09-47-55.075000,[R]: 51 
09-47-55.083000,[R]: 51 
09-47-55.091000,[R]: 51 
09-47-55.101000,[R]: 51 
09-47-55.105000,S 1 	RSSI: 62
09-47-55.109000,[R]: 51 
09-47-55.113000,S 1 	RSSI: 62
09-47-55.116000,[R]: 51 
09-47-55.121000,S 1 	RSSI: 62
09-47-55.124000,[R]: 51 
09-47-55.130000,S 1 	RSSI: 62
09-47-55.132000,[R]: 51 
09-47-55.137000,S 1 	RSSI: 62
09-47-55.141000,S 1 	RSSI: 62
09-47-55.144000,[R]: 51 
09-47-55.149000,S 1 	RSSI: 62
09-47-55.152000,[R]: 51 
09-47-55.160000,[R]: 51 
09-47-55.166000,S 1 	RSSI: 62
09-47-55.168000,[R]: 51 
09-47-55.174000,S 1 	RSSI: 62
09-47-55.177000,[R]: 51 
09-47-55.182000,S 1 	RSSI: 62
09-47-55.185000,[R]: 51 
09-47-55.191000,S 1 	RSSI: 62
09-47-55.193000,[R]: 51 
09-47-55.201000,S 1 	RSSI: 62
09-47-55.204000,[R]: 51 
09-47-55.208000,S 1 	RSSI: 62
09-47-55.212000,S 1 	RSSI: 62
09-47-55.214000,[R]: 51 
09-47-55.220000,S 1 	RSSI: 62
09-47-55.224000,[R]: 51 
09-47-55.231000,[R]: 51 
09-47-55.236000,S 1 	RSSI: 63
09-47-55.239000,[R]: 51 
09-47-55.244000,S 1 	RSSI: 62
09-47-55.247000,[R]: 51 
09-47-55.253000,S 1 	RSSI: 62
09-47-55.256000,[R]: 51 
09-47-55.261000,S 1 	RSSI: 63
09-47-55.264000,[R]: 51 
09-47-55.269000,S 1 	RSSI: 63
09-47-55.272000,[R]: 51 
09-47-55.277000,S 1 	RSSI: 62
09-47-55.282000,S 1 	RSSI: 62
09-47-55.284000,[R]: 51 
09-47-55.290000,S 1 	RSSI: 62
09-47-55.293000,[R]: 51 
09-47-55.301000,[R]: 51 
09-47-55.306000,S 1 	RSSI: 62
09-47-55.309000,[R]: 51 
09-47-55.315000,S 1 	RSSI: 62
09-47-55.317000,[R]: 51 
09-47-55.323000,S 1 	RSSI: 62
09-47-55.326000,[R]: 51 
09-47-55.331000,S 1 	RSSI: 62
09-47-55.334000,[R]: 51 
09-47-55.339000,S 1 	RSSI: 62
09-47-55.342000,[R]: 51 
09-47-55.348000,S 1 	RSSI: 62
09-47-55.353000,S 1 	RSSI: 62
09-47-55.355000,[R]: 51 
09-47-55.359000,S 1 	RSSI: 62
09-47-55.363000,[R]: 51 
09-47-55.371000,[R]: 51 
09-47-55.376000,S 1 	RSSI: 63
09-47-55.378000,[R]: 51 
09-47-55.384000,S 1 	RSSI: 63
09-47-55.387000,[R]: 51 
09-47-55.392000,S 1 	RSSI: 63
09-47-55.395000,[R]: 51 
09-47-55.402000,S 1 	RSSI: 63
09-47-55.404000,[R]: 51 
09-47-55.410000,S 1 	RSSI: 64
09-47-55.412000,[R]: 51 
09-47-55.417000,S 1 	RSSI: 64
09-47-55.422000,S 1 	RSSI: 63
09-47-55.424000,[R]: 51 
09-47-55.430000,S 1 	RSSI: 64
09-47-55.434000,[R]: 51 
09-47-55.441000,[R]: 51 
09-47-55.446000,S 1 	RSSI: 64
09-47-55.449000,[R]: 51 
09-47-55.454000,S 1 	RSSI: 64
09-47-55.457000,[R]: 51 
09-47-55.462000,S 1 	RSSI: 64
09-47-55.465000,[R]: 51 
09-47-55.474000,[R]: 51 
09-47-55.479000,S 1 	RSSI: 65
09-47-55.482000,[R]: 51 
09-47-55.487000,S 1 	RSSI: 64
09-47-55.491000,S 1 	RSSI: 64
09-47-55.494000,[R]: 51 
09-47-55.500000,S 1 	RSSI: 64
09-47-55.502000,[R]: 51 
09-47-55.511000,[R]: 51 
09-47-55.516000,S 1 	RSSI: 64
09-47-55.519000,[R]: 51 
09-47-55.524000,S 1 	RSSI: 65
09-47-55.527000,[R]: 51 
09-47-55.533000,S 1 	RSSI: 65
09-47-55.536000,[R]: 51 
09-47-55.541000,S 1 	RSSI: 65
09-47-55.544000,[R]: 51 
09-47-55.549000,S 1 	RSSI: 65
09-47-55.552000,[R]: 51 
09-47-55.561000,S 1 	RSSI: 64
09-47-55.564000,[R]: 51 
09-47-55.571000,S 1 	RSSI: 64
09-47-55.574000,[R]: 51 
09-47-55.580000,[R]: 51 
09-47-55.587000,S 1 	RSSI: 65
09-47-55.590000,[R]: 51 
09-47-55.594000,S 1 	RSSI: 64
09-47-55.597000,[R]: 51 
09-47-55.602000,S 1 	RSSI: 64
09-47-55.608000,[R]: 51 
09-47-55.613000,S 1 	RSSI: 64
09-47-55.614000,[R]: 51 
09-47-55.620000,S 1 	RSSI: 64
09-47-55.623000,[R]: 51 
09-47-55.627000,S 1 	RSSI: 65
09-47-55.632000,[R]: 51 
09-47-55.632000,S 1 	RSSI: 65
09-47-55.640000,[R]: 51 
09-47-55.640000,S 1 	RSSI: 65
09-47-55.647000,[R]: 51 
09-47-55.656000,[R]: 51 
09-47-55.657000,S 1 	RSSI: 66
09-47-55.663000,[R]: 51 
09-47-55.664000,S 1 	RSSI: 66
09-47-55.672000,S 1 	RSSI: 66
09-47-55.674000,[R]: 51 
09-47-55.680000,S 1 	RSSI: 66
09-47-55.683000,[R]: 51 
09-47-55.688000,S 1 	RSSI: 66
09-47-55.691000,[R]: 51 
09-47-55.697000,S 1 	RSSI: 66
09-47-55.700000,[R]: 51 
09-47-55.701000,S 1 	RSSI: 66
09-47-55.709000,[R]: 51 
09-47-55.709000,S 1 	RSSI: 66
09-47-55.717000,[R]: 51 
09-47-55.718000,S 1 	RSSI: 66
09-47-55.725000,[R]: 51 
09-47-55.726000,S 1 	RSSI: 66
09-47-55.733000,[R]: 51 
09-47-55.740000,S 1 	RSSI: 66
09-47-55.744000,[R]: 51 
09-47-55.750000,S 1 	RSSI: 66
09-47-55.753000,[R]: 51 
09-47-55.758000,S 1 	RSSI: 66
09-47-55.761000,[R]: 51 
09-47-55.767000,S 1 	RSSI: 66
09-47-55.771000,[R]: 51 
09-47-55.771000,S 1 	RSSI: 65
09-47-55.779000,[R]: 51 
09-47-55.779000,S 1 	RSSI: 65
09-47-55.788000,[R]: 51 
09-47-55.789000,S 1 	RSSI: 66
09-47-55.796000,[R]: 51 
09-47-55.796000,S 1 	RSSI: 65
09-47-55.804000,[R]: 51 
09-47-55.805000,S 1 	RSSI: 65
09-47-55.812000,S 1 	RSSI: 65
09-47-55.815000,[R]: 51 
09-47-55.821000,S 1 	RSSI: 65
09-47-55.824000,[R]: 51 
09-47-55.837000,[R]: 51 
09-47-55.837000,S 1 	RSSI: 65
09-47-55.842000,S 1 	RSSI: 65
09-47-55.844000,[R]: 51 
09-47-55.850000,S 1 	RSSI: 65
09-47-55.853000,[R]: 51 
09-47-55.858000,S 1 	RSSI: 65
09-47-55.861000,[R]: 51 
09-47-55.866000,S 1 	RSSI: 65
09-47-55.870000,[R]: 51 
09-47-55.875000,S 1 	RSSI: 65
09-47-55.877000,[R]: 51 
09-47-55.883000,S 1 	RSSI: 66
09-47-55.885000,[R]: 51 
09-47-55.892000,S 1 	RSSI: 65
09-47-55.894000,[R]: 51 
09-47-55.899000,S 1 	RSSI: 65
09-47-55.902000,[R]: 51 
09-47-55.907000,S 1 	RSSI: 66
09-47-55.911000,[R]: 51 
09-47-55.911000,S 1 	RSSI: 66
09-47-55.919000,[R]: 51 
09-47-55.920000,S 1 	RSSI: 66
09-47-55.927000,[R]: 51 
09-47-55.929000,S 1 	RSSI: 66
09-47-55.936000,[R]: 51 
09-47-55.937000,S 1 	RSSI: 67
09-47-55.944000,[R]: 51 
09-47-55.945000,S 1 	RSSI: 66
09-47-55.955000,[R]: 51 
09-47-55.961000,S 1 	RSSI: 66
09-47-55.963000,[R]: 51 
09-47-55.977000,[R]: 51 
09-47-55.977000,S 1 	RSSI: 67
09-47-55.982000,S 1 	RSSI: 67
09-47-55.984000,[R]: 51 
09-47-55.989000,S 1 	RSSI: 66
09-47-55.992000,[R]: 51 
09-47-55.998000,S 1 	RSSI: 67
09-47-56.003000,S 1 	RSSI: 67
09-47-56.004000,[R]: 51 
09-47-56.010000,S 1 	RSSI: 67
09-47-56.013000,[R]: 51 
09-47-56.022000,[R]: 51 
09-47-56.027000,S 1 	RSSI: 67
09-47-56.028000,[R]: 51 
09-47-56.035000,S 1 	RSSI: 67
09-47-56.037000,[R]: 51 
09-47-56.043000,S 1 	RSSI: 67
09-47-56.045000,[R]: 51 
09-47-56.051000,S 1 	RSSI: 66
09-47-56.054000,[R]: 51 
09-47-56.060000,S 1 	RSSI: 67
09-47-56.062000,[R]: 51 
09-47-56.067000,S 1 	RSSI: 67
09-47-56.072000,S 1 	RSSI: 67
09-47-56.074000,[R]: 51 
09-47-56.080000,S 1 	RSSI: 67
09-47-56.083000,[R]: 51 
09-47-56.091000,[R]: 51 
09-47-56.096000,S 1 	RSSI: 66
09-47-56.099000,[R]: 51 
09-47-56.107000,[R]: 51 
09-47-56.112000,S 1 	RSSI: 66
09-47-56.119000,[R]: 51 
09-47-56.121000,S 1 	RSSI: 66
09-47-56.123000,[R]: 51 
09-47-56.129000,S 1 	RSSI: 66
09-47-56.132000,[R]: 51 
09-47-56.138000,S 1 	RSSI: 66
09-47-56.142000,S 1 	RSSI: 67
09-47-56.144000,[R]: 51 
09-47-56.150000,S 1 	RSSI: 67
09-47-56.152000,[R]: 51 
09-47-56.161000,[R]: 51 
09-47-56.166000,S 1 	RSSI: 67
09-47-56.169000,[R]: 51 
09-47-56.174000,S 1 	RSSI: 67
09-47-56.177000,[R]: 51 
09-47-56.183000,S 1 	RSSI: 67
09-47-56.186000,[R]: 51 
09-47-56.191000,S 1 	RSSI: 66
09-47-56.194000,[R]: 51 
09-47-56.199000,S 1 	RSSI: 67
09-47-56.202000,[R]: 51 
09-47-56.207000,S 1 	RSSI: 67
09-47-56.211000,S 1 	RSSI: 67
09-47-56.214000,[R]: 51 
09-47-56.219000,S 1 	RSSI: 67
09-47-56.222000,[R]: 51 
09-47-56.232000,[R]: 51 
09-47-56.236000,S 1 	RSSI: 67
09-47-56.239000,[R]: 51 
09-47-56.245000,S 1 	RSSI: 67
09-47-56.247000,[R]: 51 
09-47-56.253000,S 1 	RSSI: 67
09-47-56.257000,[R]: 51 
09-47-56.261000,S 1 	RSSI: 67
09-47-56.264000,[R]: 51 
09-47-56.269000,S 1 	RSSI: 66
09-47-56.272000,[R]: 51 
09-47-56.282000,S 1 	RSSI: 67
09-47-56.287000,[R]: 51 
09-47-56.290000,S 1 	RSSI: 67
09-47-56.292000,[R]: 51 
09-47-56.301000,[R]: 51 
09-47-56.307000,S 1 	RSSI: 66
09-47-56.310000,[R]: 51 
09-47-56.314000,S 1 	RSSI: 66
09-47-56.318000,[R]: 51 
09-47-56.324000,S 1 	RSSI: 66
09-47-56.326000,[R]: 51 
09-47-56.331000,S 1 	RSSI: 66
09-47-56.334000,[R]: 51 
09-47-56.339000,S 1 	RSSI: 66
09-47-56.342000,[R]: 51 
09-47-56.348000,S 1 	RSSI: 66
09-47-56.351000,S 1 	RSSI: 66
09-47-56.354000,[R]: 51 
09-47-56.360000,S 1 	RSSI: 66
09-47-56.362000,[R]: 51 
09-47-56.371000,[R]: 51 
09-47-56.379000,[R]: 51 
09-47-56.384000,S 1 	RSSI: 66
09-47-56.387000,[R]: 51 
09-47-56.393000,S 1 	RSSI: 66
09-47-56.395000,[R]: 51 
09-47-56.400000,S 1 	RSSI: 65
09-47-56.403000,[R]: 51 
09-47-56.408000,S 1 	RSSI: 66
09-47-56.411000,[R]: 51 
09-47-56.416000,S 1 	RSSI: 65
09-47-56.421000,S 1 	RSSI: 66
09-47-56.423000,[R]: 51 
09-47-56.429000,S 1 	RSSI: 66
09-47-56.432000,[R]: 51 
09-47-56.442000,[R]: 51 
09-47-56.446000,S 1 	RSSI: 66
09-47-56.450000,[R]: 51 
09-47-56.453000,S 1 	RSSI: 66
09-47-56.456000,[R]: 51 
09-47-56.465000,[R]: 51 
09-47-56.470000,S 1 	RSSI: 66
09-47-56.473000,[R]: 51 
09-47-56.478000,S 1 	RSSI: 66
09-47-56.481000,[R]: 51 
09-47-56.491000,S 1 	RSSI: 65
09-47-56.493000,[R]: 51 
09-47-56.499000,S 1 	RSSI: 66
09-47-56.502000,[R]: 51 
09-47-56.510000,[R]: 51 
09-47-56.516000,S 1 	RSSI: 65
09-47-56.518000,[R]: 51 
09-47-56.524000,S 1 	RSSI: 66
09-47-56.527000,[R]: 51 
09-47-56.532000,S 1 	RSSI: 66
09-47-56.535000,[R]: 51 
09-47-56.540000,S 1 	RSSI: 66
09-47-56.543000,[R]: 51 
09-47-56.549000,S 1 	RSSI: 66
09-47-56.552000,[R]: 51 
09-47-56.557000,S 1 	RSSI: 65
09-47-56.561000,S 1 	RSSI: 66
09-47-56.564000,[R]: 51 
09-47-56.569000,S 1 	RSSI: 66
09-47-56.572000,[R]: 51 
09-47-56.580000,[R]: 51 
09-47-56.586000,S 1 	RSSI: 66
09-47-56.589000,[R]: 51 
09-47-56.594000,S 1 	RSSI: 66
09-47-56.597000,[R]: 51 
09-47-56.602000,S 1 	RSSI: 66
09-47-56.605000,[R]: 51 
09-47-56.610000,S 1 	RSSI: 66
09-47-56.613000,[R]: 51 
09-47-56.619000,S 1 	RSSI: 65
09-47-56.622000,[R]: 51 
09-47-56.627000,S 1 	RSSI: 65
09-47-56.631000,S 1 	RSSI: 65
09-47-56.634000,[R]: 51 
09-47-56.639000,S 1 	RSSI: 65
09-47-56.642000,[R]: 51 
09-47-56.648000,S 1 	RSSI: 65
09-47-56.650000,[R]: 51 
09-47-56.656000,S 1 	RSSI: 66
09-47-56.659000,[R]: 51 
09-47-56.665000,S 1 	RSSI: 66
09-47-56.668000,[R]: 51 
09-47-56.672000,S 1 	RSSI: 66
09-47-56.676000,[R]: 51 
09-47-56.681000,S 1 	RSSI: 65
09-47-56.684000,[R]: 51 
09-47-56.689000,S 1 	RSSI: 66
09-47-56.692000,[R]: 51 
09-47-56.697000,S 1 	RSSI: 66
09-47-56.705000,[R]: 51 
09-47-56.709000,S 1 	RSSI: 65
09-47-56.712000,[R]: 51 
09-47-56.721000,[R]: 51 
09-47-56.729000,[R]: 51 
09-47-56.734000,S 1 	RSSI: 66
09-47-56.737000,[R]: 51 
09-47-56.745000,[R]: 51 
09-47-56.752000,S 1 	RSSI: 65
09-47-56.754000,[R]: 51 
09-47-56.759000,S 1 	RSSI: 65
09-47-56.763000,[R]: 51 
09-47-56.767000,S 1 	RSSI: 65
09-47-56.771000,S 1 	RSSI: 66
09-47-56.774000,[R]: 51 
09-47-56.779000,S 1 	RSSI: 66
09-47-56.781000,[R]: 51 
09-47-56.787000,S 1 	RSSI: 65
09-47-56.790000,[R]: 51 
09-47-56.795000,S 1 	RSSI: 66
09-47-56.798000,[R]: 51 
09-47-56.803000,S 1 	RSSI: 66
09-47-56.806000,[R]: 51 
09-47-56.812000,S 1 	RSSI: 66
09-47-56.814000,[R]: 51 
09-47-56.820000,S 1 	RSSI: 66
09-47-56.823000,[R]: 51 
09-47-56.828000,S 1 	RSSI: 66
09-47-56.831000,[R]: 51 
09-47-56.836000,S 1 	RSSI: 66
09-47-56.841000,S 1 	RSSI: 66
09-47-56.843000,[R]: 51 
09-47-56.849000,S 1 	RSSI: 66
09-47-56.852000,[R]: 51 
09-47-56.857000,S 1 	RSSI: 66
09-47-56.860000,[R]: 51 
09-47-56.865000,S 1 	RSSI: 66
09-47-56.868000,[R]: 51 
09-47-56.874000,S 1 	RSSI: 66
09-47-56.876000,[R]: 51 
09-47-56.883000,S 1 	RSSI: 66
09-47-56.885000,[R]: 51 
09-47-56.890000,S 1 	RSSI: 66
09-47-56.893000,[R]: 51 
09-47-56.899000,S 1 	RSSI: 66
09-47-56.902000,[R]: 51 
09-47-56.907000,S 1 	RSSI: 67
09-47-56.910000,[R]: 51 
09-47-56.919000,[R]: 51 
09-47-56.920000,S 1 	RSSI: 66
09-47-56.927000,[R]: 51 
09-47-56.927000,S 1 	RSSI: 66
09-47-56.936000,[R]: 51 
09-47-56.937000,S 1 	RSSI: 67
09-47-56.944000,[R]: 51 
09-47-56.944000,S 1 	RSSI: 66
09-47-56.953000,S 1 	RSSI: 66
09-47-56.955000,[R]: 51 
09-47-56.960000,S 1 	RSSI: 66
09-47-56.963000,[R]: 51 
09-47-56.978000,[R]: 51 
09-47-56.978000,S 1 	RSSI: 66
09-47-56.981000,S 1 	RSSI: 66
09-47-56.984000,[R]: 51 
09-47-56.989000,S 1 	RSSI: 67
09-47-56.992000,[R]: 51 
09-47-57.001000,S 1 	RSSI: 66
09-47-57.004000,[R]: 51 
09-47-57.010000,S 1 	RSSI: 66
09-47-57.012000,[R]: 51 
09-47-57.021000,[R]: 51 
09-47-57.026000,S 1 	RSSI: 67
09-47-57.029000,[R]: 51 
09-47-57.034000,S 1 	RSSI: 67
09-47-57.037000,[R]: 51 
09-47-57.043000,S 1 	RSSI: 67
09-47-57.045000,[R]: 51 
09-47-57.051000,S 1 	RSSI: 66
09-47-57.054000,[R]: 51 
09-47-57.059000,S 1 	RSSI: 67
09-47-57.062000,[R]: 51 
09-47-57.067000,S 1 	RSSI: 66
09-47-57.071000,S 1 	RSSI: 67
09-47-57.074000,[R]: 51 
09-47-57.080000,S 1 	RSSI: 67
09-47-57.082000,[R]: 51 
09-47-57.091000,[R]: 51 
09-47-57.100000,[R]: 51 
09-47-57.105000,S 1 	RSSI: 67
09-47-57.107000,[R]: 51 
09-47-57.113000,S 1 	RSSI: 67
09-47-57.115000,[R]: 51 
09-47-57.121000,S 1 	RSSI: 67
09-47-57.124000,[R]: 51 
09-47-57.130000,S 1 	RSSI: 67
09-47-57.133000,[R]: 51 
09-47-57.139000,S 1 	RSSI: 67
09-47-57.142000,S 1 	RSSI: 67
09-47-57.145000,[R]: 51 
09-47-57.150000,S 1 	RSSI: 66
09-47-57.153000,[R]: 51 
09-47-57.161000,[R]: 51 
09-47-57.166000,S 1 	RSSI: 67
09-47-57.169000,[R]: 51 
09-47-57.174000,S 1 	RSSI: 67
09-47-57.177000,[R]: 51 
09-47-57.183000,S 1 	RSSI: 67
09-47-57.186000,[R]: 51 
09-47-57.191000,S 1 	RSSI: 67
09-47-57.194000,[R]: 51 
09-47-57.200000,S 1 	RSSI: 67
09-47-57.202000,[R]: 51 
09-47-57.211000,S 1 	RSSI: 67
09-47-57.213000,[R]: 51 
09-47-57.219000,S 1 	RSSI: 67
09-47-57.222000,[R]: 51 
09-47-57.230000,[R]: 51 
09-47-57.235000,S 1 	RSSI: 67
09-47-57.238000,[R]: 51 
09-47-57.244000,S 1 	RSSI: 67
09-47-57.246000,[R]: 51 
09-47-57.252000,S 1 	RSSI: 67
09-47-57.255000,[R]: 51 
09-47-57.260000,S 1 	RSSI: 67
09-47-57.263000,[R]: 51 
09-47-57.269000,S 1 	RSSI: 67
09-47-57.272000,[R]: 51 
09-47-57.277000,S 1 	RSSI: 67
09-47-57.281000,S 1 	RSSI: 67
09-47-57.284000,[R]: 51 
09-47-57.289000,S 1 	RSSI: 66
09-47-57.292000,[R]: 51 
09-47-57.300000,[R]: 51 
09-47-57.306000,S 1 	RSSI: 67
09-47-57.309000,[R]: 51 
09-47-57.314000,S 1 	RSSI: 67
09-47-57.317000,[R]: 51 
09-47-57.322000,S 1 	RSSI: 67
09-47-57.325000,[R]: 51 
09-47-57.330000,S 1 	RSSI: 67
09-47-57.333000,[R]: 51 
09-47-57.339000,S 1 	RSSI: 67
09-47-57.342000,[R]: 51 
09-47-57.347000,S 1 	RSSI: 67
09-47-57.351000,S 1 	RSSI: 67
09-47-57.354000,[R]: 51 
09-47-57.359000,S 1 	RSSI: 67
09-47-57.362000,[R]: 51 
09-47-57.370000,[R]: 51 
09-47-57.376000,S 1 	RSSI: 67
09-47-57.379000,[R]: 51 
09-47-57.384000,S 1 	RSSI: 67
09-47-57.387000,[R]: 51 
09-47-57.395000,[R]: 51 
09-47-57.403000,[R]: 51 
09-47-57.409000,S 1 	RSSI: 66
09-47-57.413000,[R]: 51 
09-47-57.418000,S 1 	RSSI: 67
09-47-57.423000,S 1 	RSSI: 67
09-47-57.425000,[R]: 51 
09-47-57.429000,S 1 	RSSI: 67
09-47-57.432000,[R]: 51 
09-47-57.440000,[R]: 51 
09-47-57.446000,S 1 	RSSI: 67
09-47-57.449000,[R]: 51 
09-47-57.454000,S 1 	RSSI: 67
09-47-57.457000,[R]: 51 
09-47-57.462000,S 1 	RSSI: 66
09-47-57.465000,[R]: 51 
09-47-57.471000,S 1 	RSSI: 67
09-47-57.473000,[R]: 51 
09-47-57.479000,S 1 	RSSI: 66
09-47-57.482000,[R]: 51 
09-47-57.487000,S 1 	RSSI: 67
09-47-57.491000,S 1 	RSSI: 66
09-47-57.494000,[R]: 51 
09-47-57.499000,S 1 	RSSI: 66
09-47-57.502000,[R]: 51 
09-47-57.510000,[R]: 51 
09-47-57.516000,S 1 	RSSI: 66
09-47-57.519000,[R]: 51 
09-47-57.523000,S 1 	RSSI: 66
09-47-57.526000,[R]: 51 
09-47-57.531000,S 1 	RSSI: 67
09-47-57.535000,[R]: 51 
09-47-57.541000,S 1 	RSSI: 66
09-47-57.543000,[R]: 51 
09-47-57.548000,S 1 	RSSI: 65
09-47-57.552000,[R]: 51 
09-47-57.556000,S 1 	RSSI: 66
09-47-57.561000,S 1 	RSSI: 67
09-47-57.563000,[R]: 51 
09-47-57.570000,S 1 	RSSI: 66
09-47-57.572000,[R]: 51 
09-47-57.580000,[R]: 51 
09-47-57.586000,S 1 	RSSI: 66
09-47-57.588000,[R]: 51 
09-47-57.593000,S 1 	RSSI: 66
09-47-57.598000,[R]: 51 
09-47-57.604000,[R]: 51 
09-47-57.610000,S 1 	RSSI: 66
09-47-57.615000,[R]: 51 
09-47-57.618000,S 1 	RSSI: 66
09-47-57.621000,[R]: 51 
09-47-57.627000,S 1 	RSSI: 66
09-47-57.631000,S 1 	RSSI: 66
09-47-57.634000,[R]: 51 
09-47-57.639000,S 1 	RSSI: 67
09-47-57.641000,[R]: 51 
09-47-57.647000,S 1 	RSSI: 66
09-47-57.650000,[R]: 51 
09-47-57.657000,S 1 	RSSI: 66
09-47-57.658000,[R]: 51 
09-47-57.664000,S 1 	RSSI: 66
09-47-57.667000,[R]: 51 
09-47-57.672000,S 1 	RSSI: 66
09-47-57.675000,[R]: 51 
09-47-57.680000,S 1 	RSSI: 66
09-47-57.683000,[R]: 51 
09-47-57.689000,S 1 	RSSI: 66
09-47-57.691000,[R]: 51 
09-47-57.697000,S 1 	RSSI: 66
09-47-57.701000,[R]: 51 
09-47-57.701000,S 1 	RSSI: 66
09-47-57.709000,[R]: 51 
09-47-57.710000,S 1 	RSSI: 66
09-47-57.716000,[R]: 51 
09-47-57.726000,[R]: 51 
09-47-57.726000,S 1 	RSSI: 67
09-47-57.734000,[R]: 51 
09-47-57.734000,S 1 	RSSI: 66
09-47-57.742000,S 1 	RSSI: 66
09-47-57.745000,[R]: 51 
09-47-57.750000,S 1 	RSSI: 66
09-47-57.756000,[R]: 51 
09-47-57.760000,S 1 	RSSI: 66
09-47-57.762000,[R]: 51 
09-47-57.768000,S 1 	RSSI: 66
09-47-57.771000,[R]: 51 
09-47-57.771000,S 1 	RSSI: 66
09-47-57.779000,[R]: 51 
09-47-57.779000,S 1 	RSSI: 66
09-47-57.788000,[R]: 51 
09-47-57.788000,S 1 	RSSI: 66
09-47-57.796000,[R]: 51 
09-47-57.796000,S 1 	RSSI: 66
09-47-57.805000,[R]: 51 
09-47-57.806000,S 1 	RSSI: 66
09-47-57.812000,S 1 	RSSI: 66
09-47-57.815000,[R]: 51 
09-47-57.821000,S 1 	RSSI: 66
09-47-57.823000,[R]: 51 
09-47-57.838000,[R]: 51 
09-47-57.838000,S 1 	RSSI: 66
09-47-57.841000,S 1 	RSSI: 66
09-47-57.844000,[R]: 51 
09-47-57.850000,S 1 	RSSI: 66
09-47-57.853000,[R]: 51 
09-47-57.858000,S 1 	RSSI: 66
09-47-57.862000,[R]: 51 
09-47-57.862000,S 1 	RSSI: 66
09-47-57.870000,[R]: 51 
09-47-57.871000,S 1 	RSSI: 66
09-47-57.877000,[R]: 51 
09-47-57.887000,[R]: 51 
09-47-57.887000,S 1 	RSSI: 66
09-47-57.894000,[R]: 51 
09-47-57.895000,S 1 	RSSI: 66
09-47-57.902000,S 1 	RSSI: 66
09-47-57.904000,[R]: 51 
09-47-57.910000,S 1 	RSSI: 65
09-47-57.913000,[R]: 51 
09-47-57.918000,S 1 	RSSI: 66
09-47-57.921000,[R]: 51 
09-47-57.933000,[R]: 51 
09-47-57.939000,S 1 	RSSI: 66
09-47-57.942000,[R]: 51 
09-47-57.950000,[R]: 51 
09-47-57.955000,S 1 	RSSI: 66
09-47-57.958000,[R]: 51 
09-47-57.964000,S 1 	RSSI: 66
09-47-57.966000,[R]: 51 
09-47-57.972000,S 1 	RSSI: 66
09-47-57.975000,[R]: 51 
09-47-57.981000,S 1 	RSSI: 66
09-47-57.984000,[R]: 51 
09-47-57.989000,S 1 	RSSI: 66
09-47-57.991000,[R]: 51 
09-47-57.997000,S 1 	RSSI: 66
09-47-58.001000,S 1 	RSSI: 65
09-47-58.004000,[R]: 51 
09-47-58.010000,S 1 	RSSI: 66
09-47-58.012000,[R]: 51 
09-47-58.021000,[R]: 51 
09-47-58.026000,S 1 	RSSI: 66
09-47-58.029000,[R]: 51 
09-47-58.034000,S 1 	RSSI: 66
09-47-58.037000,[R]: 51 
09-47-58.043000,S 1 	RSSI: 66
09-47-58.045000,[R]: 51 
09-47-58.050000,S 1 	RSSI: 66
09-47-58.054000,[R]: 51 
09-47-58.059000,S 1 	RSSI: 66
09-47-58.062000,[R]: 51 
09-47-58.067000,S 1 	RSSI: 66
09-47-58.072000,S 1 	RSSI: 65
09-47-58.074000,[R]: 51 
09-47-58.079000,S 1 	RSSI: 66
09-47-58.082000,[R]: 51 
09-47-58.090000,[R]: 51 
09-47-58.099000,[R]: 51 
09-47-58.104000,S 1 	RSSI: 66
09-47-58.107000,[R]: 51 
09-47-58.115000,[R]: 51 
09-47-58.120000,S 1 	RSSI: 66
09-47-58.123000,[R]: 51 
09-47-58.129000,S 1 	RSSI: 65
09-47-58.132000,[R]: 51 
09-47-58.137000,S 1 	RSSI: 66
09-47-58.141000,S 1 	RSSI: 65
09-47-58.144000,[R]: 51 
09-47-58.149000,S 1 	RSSI: 66
09-47-58.152000,[R]: 51 
09-47-58.160000,[R]: 51 
09-47-58.166000,S 1 	RSSI: 65
09-47-58.169000,[R]: 51 
09-47-58.174000,S 1 	RSSI: 66
09-47-58.177000,[R]: 51 
09-47-58.182000,S 1 	RSSI: 66
09-47-58.185000,[R]: 51 
09-47-58.191000,S 1 	RSSI: 66
09-47-58.193000,[R]: 51 
09-47-58.199000,S 1 	RSSI: 66
09-47-58.202000,[R]: 51 
09-47-58.207000,S 1 	RSSI: 65
09-47-58.211000,S 1 	RSSI: 66
09-47-58.215000,[R]: 51 
09-47-58.220000,S 1 	RSSI: 65
09-47-58.222000,[R]: 51 
09-47-58.230000,[R]: 51 
09-47-58.236000,S 1 	RSSI: 66
09-47-58.239000,[R]: 51 
09-47-58.244000,S 1 	RSSI: 65
09-47-58.248000,[R]: 51 
09-47-58.254000,S 1 	RSSI: 66
09-47-58.256000,[R]: 51 
09-47-58.262000,S 1 	RSSI: 65
09-47-58.263000,[R]: 51 
09-47-58.270000,S 1 	RSSI: 66
09-47-58.272000,[R]: 51 
09-47-58.277000,S 1 	RSSI: 66
09-47-58.281000,S 1 	RSSI: 65
09-47-58.284000,[R]: 51 
09-47-58.289000,S 1 	RSSI: 65
09-47-58.292000,[R]: 51 
09-47-58.301000,[R]: 51 
09-47-58.305000,S 1 	RSSI: 65
09-47-58.308000,[R]: 51 
09-47-58.313000,S 1 	RSSI: 66
09-47-58.316000,[R]: 51 
09-47-58.324000,[R]: 51 
09-47-58.332000,[R]: 51 
09-47-58.338000,S 1 	RSSI: 65
09-47-58.341000,[R]: 51 
09-47-58.346000,S 1 	RSSI: 65
09-47-58.353000,[R]: 51 
09-47-58.359000,S 1 	RSSI: 66
09-47-58.361000,[R]: 51 
09-47-58.367000,S 1 	RSSI: 65
09-47-58.370000,[R]: 51 
09-47-58.375000,S 1 	RSSI: 65
09-47-58.378000,[R]: 51 
09-47-58.384000,S 1 	RSSI: 65
09-47-58.386000,[R]: 51 
09-47-58.392000,S 1 	RSSI: 65
09-47-58.395000,[R]: 51 
09-47-58.400000,S 1 	RSSI: 66
09-47-58.403000,[R]: 51 
09-47-58.409000,S 1 	RSSI: 65
09-47-58.412000,[R]: 51 
09-47-58.418000,S 1 	RSSI: 66
09-47-58.421000,S 1 	RSSI: 65
09-47-58.424000,[R]: 51 
09-47-58.429000,S 1 	RSSI: 65
09-47-58.432000,[R]: 51 
09-47-58.440000,[R]: 51 
09-47-58.445000,S 1 	RSSI: 66
09-47-58.448000,[R]: 51 
09-47-58.454000,S 1 	RSSI: 65
09-47-58.458000,[R]: 51 
09-47-58.463000,S 1 	RSSI: 65
09-47-58.466000,[R]: 51 
09-47-58.470000,S 1 	RSSI: 65
09-47-58.473000,[R]: 51 
09-47-58.478000,S 1 	RSSI: 66
09-47-58.481000,[R]: 51 
09-47-58.487000,S 1 	RSSI: 65
09-47-58.491000,S 1 	RSSI: 65
09-47-58.494000,[R]: 51 
09-47-58.499000,S 1 	RSSI: 65
09-47-58.502000,[R]: 51 
09-47-58.510000,[R]: 51 
09-47-58.516000,S 1 	RSSI: 66
09-47-58.518000,[R]: 51 
09-47-58.524000,S 1 	RSSI: 65
09-47-58.527000,[R]: 51 
09-47-58.532000,S 1 	RSSI: 65
09-47-58.535000,[R]: 51 
09-47-58.540000,S 1 	RSSI: 65
09-47-58.543000,[R]: 51 
09-47-58.549000,S 1 	RSSI: 65
09-47-58.551000,[R]: 51 
09-47-58.557000,S 1 	RSSI: 65
09-47-58.564000,[R]: 51 
09-47-58.569000,S 1 	RSSI: 65
09-47-58.572000,[R]: 51 
09-47-58.577000,S 1 	RSSI: 65
09-47-58.580000,[R]: 51 
09-47-58.586000,S 1 	RSSI: 65
09-47-58.588000,[R]: 51 
09-47-58.594000,S 1 	RSSI: 66
09-47-58.598000,[R]: 51 
09-47-58.602000,S 1 	RSSI: 65
09-47-58.605000,[R]: 51 
09-47-58.610000,S 1 	RSSI: 65
09-47-58.613000,[R]: 51 
09-47-58.619000,S 1 	RSSI: 65
09-47-58.621000,[R]: 51 
09-47-58.628000,S 1 	RSSI: 65
09-47-58.632000,[R]: 51 
09-47-58.633000,S 1 	RSSI: 66
09-47-58.639000,[R]: 51 
09-47-58.641000,S 1 	RSSI: 66
09-47-58.646000,[R]: 51 
09-47-58.647000,S 1 	RSSI: 66
09-47-58.655000,[R]: 51 
09-47-58.656000,S 1 	RSSI: 65
09-47-58.664000,[R]: 51 
09-47-58.664000,S 1 	RSSI: 65
09-47-58.672000,S 1 	RSSI: 66
09-47-58.675000,[R]: 51 
09-47-58.680000,S 1 	RSSI: 66
09-47-58.683000,[R]: 51 
09-47-58.688000,S 1 	RSSI: 66
09-47-58.691000,[R]: 51 
09-47-58.696000,S 1 	RSSI: 65
09-47-58.701000,[R]: 51 
09-47-58.701000,S 1 	RSSI: 65
09-47-58.708000,[R]: 51 
09-47-58.709000,S 1 	RSSI: 66
09-47-58.716000,[R]: 51 
09-47-58.717000,S 1 	RSSI: 66
09-47-58.725000,[R]: 51 
09-47-58.726000,S 1 	RSSI: 65
09-47-58.734000,[R]: 51 
09-47-58.736000,S 1 	RSSI: 65
09-47-58.744000,[R]: 51 
09-47-58.750000,S 1 	RSSI: 66
09-47-58.753000,[R]: 51 
09-47-58.758000,S 1 	RSSI: 65
09-47-58.761000,[R]: 51 
09-47-58.767000,S 1 	RSSI: 65
09-47-58.771000,[R]: 51 
09-47-58.771000,S 1 	RSSI: 66
09-47-58.779000,[R]: 51 
09-47-58.779000,S 1 	RSSI: 66
09-47-58.787000,[R]: 51 
09-47-58.787000,S 1 	RSSI: 65
09-47-58.795000,[R]: 51 
09-47-58.795000,S 1 	RSSI: 65
09-47-58.804000,[R]: 51 
09-47-58.805000,S 1 	RSSI: 65
09-47-58.812000,S 1 	RSSI: 66
09-47-58.816000,[R]: 51 
09-47-58.820000,S 1 	RSSI: 65
09-47-58.823000,[R]: 51 
09-47-58.837000,[R]: 51 
09-47-58.837000,S 1 	RSSI: 66
09-47-58.840000,S 1 	RSSI: 66
09-47-58.843000,[R]: 51 
09-47-58.850000,S 1 	RSSI: 65
09-47-58.852000,[R]: 51 
09-47-58.857000,S 1 	RSSI: 66
09-47-58.861000,[R]: 51 
09-47-58.870000,[R]: 51 
09-47-58.871000,S 1 	RSSI: 65
09-47-58.876000,[R]: 51 
09-47-58.885000,[R]: 51 
09-47-58.894000,[R]: 51 
09-47-58.895000,S 1 	RSSI: 65
09-47-58.903000,S 1 	RSSI: 66
09-47-58.906000,[R]: 51 
09-47-58.911000,S 1 	RSSI: 66
09-47-58.913000,[R]: 51 
09-47-58.920000,S 1 	RSSI: 66
09-47-58.922000,[R]: 51 
09-47-58.927000,S 1 	RSSI: 66
09-47-58.932000,S 1 	RSSI: 65
09-47-58.935000,[R]: 51 
09-47-58.940000,S 1 	RSSI: 65
09-47-58.942000,[R]: 51 
09-47-58.951000,[R]: 51 
09-47-58.957000,S 1 	RSSI: 66
09-47-58.959000,[R]: 51 
09-47-58.964000,S 1 	RSSI: 65
09-47-58.967000,[R]: 51 
09-47-58.972000,S 1 	RSSI: 65
09-47-58.975000,[R]: 51 
09-47-58.981000,S 1 	RSSI: 65
09-47-58.983000,[R]: 51 
09-47-58.989000,S 1 	RSSI: 65
09-47-58.992000,[R]: 51 
09-47-58.997000,S 1 	RSSI: 65
09-47-59.001000,S 1 	RSSI: 65
09-47-59.004000,[R]: 51 
09-47-59.009000,S 1 	RSSI: 65
09-47-59.012000,[R]: 51 
09-47-59.019000,[R]: 51 
09-47-59.025000,S 1 	RSSI: 65
09-47-59.028000,[R]: 51 
09-47-59.033000,S 1 	RSSI: 65
09-47-59.036000,[R]: 51 
09-47-59.044000,[R]: 51 
09-47-59.050000,S 1 	RSSI: 66
09-47-59.053000,[R]: 51 
09-47-59.058000,S 1 	RSSI: 66
09-47-59.061000,[R]: 51 
09-47-59.068000,S 1 	RSSI: 65
09-47-59.071000,S 1 	RSSI: 65
09-47-59.074000,[R]: 51 
09-47-59.079000,S 1 	RSSI: 65
09-47-59.081000,[R]: 51 
09-47-59.090000,[R]: 51 
09-47-59.095000,S 1 	RSSI: 65
09-47-59.098000,[R]: 51 
09-47-59.104000,S 1 	RSSI: 65
09-47-59.107000,[R]: 51 
09-47-59.112000,S 1 	RSSI: 65
09-47-59.115000,[R]: 51 
09-47-59.121000,S 1 	RSSI: 66
09-47-59.123000,[R]: 51 
09-47-59.131000,[R]: 51 
09-47-59.137000,S 1 	RSSI: 65
09-47-59.140000,[R]: 51 
09-47-59.149000,[R]: 51 
09-47-59.149000,S 1 	RSSI: 65
09-47-59.156000,[R]: 51 
09-47-59.165000,[R]: 51 
09-47-59.166000,S 1 	RSSI: 66
09-47-59.174000,[R]: 51 
09-47-59.175000,S 1 	RSSI: 65
09-47-59.182000,S 1 	RSSI: 65
09-47-59.185000,[R]: 51 
09-47-59.190000,S 1 	RSSI: 65
09-47-59.193000,[R]: 51 
09-47-59.198000,S 1 	RSSI: 66
09-47-59.201000,[R]: 51 
09-47-59.207000,S 1 	RSSI: 65
09-47-59.211000,S 1 	RSSI: 65
09-47-59.214000,[R]: 51 
09-47-59.219000,S 1 	RSSI: 65
09-47-59.222000,[R]: 51 
09-47-59.230000,[R]: 51 
09-47-59.235000,S 1 	RSSI: 65
09-47-59.239000,[R]: 51 
09-47-59.244000,S 1 	RSSI: 65
09-47-59.247000,[R]: 51 
09-47-59.252000,S 1 	RSSI: 65
09-47-59.255000,[R]: 51 
09-47-59.260000,S 1 	RSSI: 65
09-47-59.263000,[R]: 51 
09-47-59.268000,S 1 	RSSI: 65
09-47-59.272000,[R]: 51 
09-47-59.277000,S 1 	RSSI: 65
09-47-59.281000,S 1 	RSSI: 65
09-47-59.285000,[R]: 51 
09-47-59.290000,S 1 	RSSI: 65
09-47-59.292000,[R]: 51 
09-47-59.300000,[R]: 51 
09-47-59.306000,S 1 	RSSI: 65
09-47-59.309000,[R]: 51 
09-47-59.314000,S 1 	RSSI: 65
09-47-59.318000,[R]: 51 
09-47-59.323000,S 1 	RSSI: 65
09-47-59.325000,[R]: 51 
09-47-59.331000,S 1 	RSSI: 65
09-47-59.335000,[R]: 51 
09-47-59.339000,S 1 	RSSI: 66
09-47-59.343000,[R]: 51 
09-47-59.348000,S 1 	RSSI: 65
09-47-59.352000,S 1 	RSSI: 65
09-47-59.355000,[R]: 51 
09-47-59.359000,S 1 	RSSI: 65
09-47-59.362000,[R]: 51 
09-47-59.371000,[R]: 51 
09-47-59.376000,S 1 	RSSI: 65
09-47-59.378000,[R]: 51 
09-47-59.384000,S 1 	RSSI: 65
09-47-59.388000,[R]: 51 
09-47-59.392000,S 1 	RSSI: 65
09-47-59.395000,[R]: 51 
09-47-59.400000,S 1 	RSSI: 65
09-47-59.402000,[R]: 51 
09-47-59.408000,S 1 	RSSI: 65
09-47-59.411000,[R]: 51 
09-47-59.416000,S 1 	RSSI: 65
09-47-59.420000,S 1 	RSSI: 65
09-47-59.423000,[R]: 51 
09-47-59.429000,S 1 	RSSI: 65
09-47-59.431000,[R]: 51 
09-47-59.439000,[R]: 51 
09-47-59.445000,S 1 	RSSI: 65
09-47-59.448000,[R]: 51 
09-47-59.453000,S 1 	RSSI: 65
09-47-59.456000,[R]: 51 
09-47-59.461000,S 1 	RSSI: 65
09-47-59.464000,[R]: 51 
09-47-59.470000,S 1 	RSSI: 65
09-47-59.474000,[R]: 51 
09-47-59.478000,S 1 	RSSI: 65
09-47-59.481000,[R]: 51 
09-47-59.486000,S 1 	RSSI: 65
09-47-59.490000,S 1 	RSSI: 65
09-47-59.494000,[R]: 51 
09-47-59.499000,S 1 	RSSI: 65
09-47-59.502000,[R]: 51 
09-47-59.509000,[R]: 51 
09-47-59.515000,S 1 	RSSI: 65
09-47-59.519000,[R]: 51 
09-47-59.526000,[R]: 51 
09-47-59.532000,S 1 	RSSI: 65
09-47-59.536000,[R]: 51 
09-47-59.541000,S 1 	RSSI: 65
09-47-59.543000,[R]: 51 
09-47-59.549000,S 1 	RSSI: 65
09-47-59.552000,[R]: 51 
09-47-59.557000,S 1 	RSSI: 65
09-47-59.561000,S 1 	RSSI: 65
09-47-59.564000,[R]: 51 
09-47-59.569000,S 1 	RSSI: 66
09-47-59.573000,[R]: 51 
09-47-59.580000,[R]: 51 
09-47-59.585000,S 1 	RSSI: 65
09-47-59.589000,[R]: 51 
09-47-59.594000,S 1 	RSSI: 65
09-47-59.596000,[R]: 51 
09-47-59.602000,S 1 	RSSI: 65
09-47-59.606000,[R]: 51 
09-47-59.611000,S 1 	RSSI: 65
09-47-59.613000,[R]: 51 
09-47-59.620000,S 1 	RSSI: 65
09-47-59.621000,[R]: 51 
09-47-59.627000,S 1 	RSSI: 65
09-47-59.631000,S 1 	RSSI: 65
09-47-59.633000,[R]: 51 
09-47-59.639000,S 1 	RSSI: 65
09-47-59.642000,[R]: 51 
09-47-59.650000,[R]: 51 
09-47-59.656000,S 1 	RSSI: 65
09-47-59.658000,[R]: 51 
09-47-59.664000,S 1 	RSSI: 65
09-47-59.667000,[R]: 51 
09-47-59.672000,S 1 	RSSI: 66
09-47-59.675000,[R]: 51 
09-47-59.680000,S 1 	RSSI: 65
09-47-59.683000,[R]: 51 
09-47-59.688000,S 1 	RSSI: 65
09-47-59.691000,[R]: 51 
09-47-59.697000,S 1 	RSSI: 65
09-47-59.701000,[R]: 51 
09-47-59.702000,S 1 	RSSI: 65
09-47-59.709000,[R]: 51 
09-47-59.710000,S 1 	RSSI: 65
09-47-59.717000,[R]: 51 
09-47-59.718000,S 1 	RSSI: 65
09-47-59.725000,[R]: 51 
09-47-59.726000,S 1 	RSSI: 65
09-47-59.734000,[R]: 51 
09-47-59.735000,S 1 	RSSI: 65
09-47-59.742000,S 1 	RSSI: 65
09-47-59.745000,[R]: 51 
09-47-59.750000,S 1 	RSSI: 65
09-47-59.753000,[R]: 51 
09-47-59.758000,S 1 	RSSI: 65
09-47-59.761000,[R]: 51 
09-47-59.766000,S 1 	RSSI: 65
09-47-59.769000,[R]: 51 
09-47-59.770000,S 1 	RSSI: 65
09-47-59.778000,[R]: 51 
09-47-59.778000,S 1 	RSSI: 65
09-47-59.787000,[R]: 51 
09-47-59.787000,S 1 	RSSI: 65
09-47-59.794000,[R]: 51 
09-47-59.795000,S 1 	RSSI: 65
09-47-59.804000,[R]: 51 
09-47-59.804000,S 1 	RSSI: 65
09-47-59.811000,S 1 	RSSI: 65
09-47-59.814000,[R]: 51 
09-47-59.820000,S 1 	RSSI: 65
09-47-59.823000,[R]: 51 
09-47-59.835000,[R]: 51 
09-47-59.836000,S 1 	RSSI: 65
09-47-59.840000,S 1 	RSSI: 65
09-47-59.843000,[R]: 51 
09-47-59.851000,[R]: 51 
09-47-59.856000,S 1 	RSSI: 64
09-47-59.859000,[R]: 51 
09-47-59.866000,S 1 	RSSI: 65
09-47-59.867000,[R]: 51 
09-47-59.873000,S 1 	RSSI: 65
09-47-59.876000,[R]: 51 
09-47-59.881000,S 1 	RSSI: 64
09-47-59.884000,[R]: 51 
09-47-59.890000,S 1 	RSSI: 65
09-47-59.893000,[R]: 51 
09-47-59.906000,[R]: 51 
09-47-59.906000,S 1 	RSSI: 64
09-47-59.910000,S 1 	RSSI: 64
09-47-59.913000,[R]: 51 
09-47-59.918000,S 1 	RSSI: 64
09-47-59.921000,[R]: 51 
09-47-59.927000,S 1 	RSSI: 64
09-47-59.931000,S 1 	RSSI: 64
09-47-59.934000,[R]: 51 
09-47-59.940000,S 1 	RSSI: 64
09-47-59.942000,[R]: 51 
09-47-59.951000,[R]: 51 
09-47-59.956000,S 1 	RSSI: 65
09-47-59.958000,[R]: 51 
09-47-59.964000,S 1 	RSSI: 65
09-47-59.968000,[R]: 51 
09-47-59.976000,[R]: 51 
09-47-59.981000,S 1 	RSSI: 64
09-47-59.984000,[R]: 51 
09-47-59.989000,S 1 	RSSI: 64
09-47-59.992000,[R]: 51 
09-47-59.997000,S 1 	RSSI: 65
09-48-00.000000,[R]: 51 
09-48-00.009000,[R]: 51 
09-48-00.009000,S 1 	RSSI: 64
09-48-00.016000,[R]: 51 
09-48-00.027000,[R]: 51 
09-48-00.027000,S 1 	RSSI: 64
09-48-00.035000,[R]: 51 
09-48-00.041000,S 1 	RSSI: 64
09-48-00.043000,S 1 	RSSI: 64
09-48-00.046000,[R]: 51 
09-48-00.050000,S 1 	RSSI: 64
09-48-00.054000,[R]: 51 
09-48-00.059000,S 1 	RSSI: 64
09-48-00.061000,[R]: 51 
09-48-00.067000,S 1 	RSSI: 64
09-48-00.071000,S 1 	RSSI: 64
09-48-00.074000,[R]: 51 
09-48-00.079000,S 1 	RSSI: 64
09-48-00.082000,[R]: 51 
09-48-00.090000,[R]: 51 
09-48-00.096000,S 1 	RSSI: 64
09-48-00.099000,[R]: 51 
09-48-00.104000,S 1 	RSSI: 64
09-48-00.107000,[R]: 51 
09-48-00.112000,S 1 	RSSI: 64
09-48-00.115000,[R]: 51 
09-48-00.123000,[R]: 51 
09-48-00.129000,S 1 	RSSI: 64
09-48-00.131000,[R]: 51 
09-48-00.137000,S 1 	RSSI: 64
09-48-00.140000,S 1 	RSSI: 64
09-48-00.143000,[R]: 51 
09-48-00.148000,S 1 	RSSI: 63
09-48-00.151000,[R]: 51 
09-48-00.157000,S 1 	RSSI: 67
09-48-00.159000,[R]: 51 
09-48-00.166000,S 1 	RSSI: 64
09-48-00.168000,[R]: 51 
09-48-00.174000,S 1 	RSSI: 64
09-48-00.177000,[R]: 51 
09-48-00.181000,S 1 	RSSI: 63
09-48-00.185000,[R]: 51 
09-48-00.190000,S 1 	RSSI: 63
09-48-00.192000,[R]: 51 
09-48-00.199000,S 1 	RSSI: 63
09-48-00.201000,[R]: 51 
09-48-00.207000,S 1 	RSSI: 63
09-48-00.211000,S 1 	RSSI: 63
09-48-00.214000,[R]: 51 
09-48-00.218000,S 1 	RSSI: 62
09-48-00.221000,[R]: 51 
09-48-00.227000,S 1 	RSSI: 64
09-48-00.230000,[R]: 51 
09-48-00.235000,S 1 	RSSI: 63
09-48-00.238000,[R]: 51 
09-48-00.244000,S 1 	RSSI: 63
09-48-00.246000,[R]: 51 
09-48-00.252000,S 1 	RSSI: 63
09-48-00.255000,[R]: 51 
09-48-00.260000,S 1 	RSSI: 63
09-48-00.263000,[R]: 51 
09-48-00.268000,S 1 	RSSI: 63
09-48-00.272000,[R]: 51 
09-48-00.277000,S 1 	RSSI: 63
09-48-00.281000,S 1 	RSSI: 63
09-48-00.284000,[R]: 51 
09-48-00.289000,S 1 	RSSI: 63
09-48-00.292000,[R]: 51 
09-48-00.300000,[R]: 51 
09-48-00.305000,S 1 	RSSI: 63
09-48-00.308000,[R]: 51 
09-48-00.314000,S 1 	RSSI: 63
09-48-00.317000,[R]: 51 
09-48-00.322000,S 1 	RSSI: 63
09-48-00.325000,[R]: 51 
09-48-00.330000,S 1 	RSSI: 63
09-48-00.333000,[R]: 51 
09-48-00.341000,[R]: 51 
09-48-00.347000,S 1 	RSSI: 63
09-48-00.351000,S 1 	RSSI: 63
09-48-00.353000,[R]: 51 
09-48-00.359000,S 1 	RSSI: 63
09-48-00.362000,[R]: 51 
09-48-00.367000,S 1 	RSSI: 63
09-48-00.370000,[R]: 51 
09-48-00.375000,S 1 	RSSI: 63
09-48-00.378000,[R]: 51 
09-48-00.384000,S 1 	RSSI: 63
09-48-00.388000,[R]: 51 
09-48-00.392000,S 1 	RSSI: 64
09-48-00.395000,[R]: 51 
09-48-00.401000,S 1 	RSSI: 63
09-48-00.404000,[R]: 51 
09-48-00.409000,S 1 	RSSI: 64
09-48-00.412000,[R]: 51 
09-48-00.418000,S 1 	RSSI: 63
09-48-00.422000,S 1 	RSSI: 63
09-48-00.424000,[R]: 51 
09-48-00.429000,S 1 	RSSI: 64
09-48-00.432000,[R]: 51 
09-48-00.441000,[R]: 51 
09-48-00.445000,S 1 	RSSI: 64
09-48-00.449000,[R]: 51 
09-48-00.455000,S 1 	RSSI: 63
09-48-00.458000,[R]: 51 
09-48-00.462000,S 1 	RSSI: 63
09-48-00.467000,[R]: 51 
09-48-00.470000,S 1 	RSSI: 63
09-48-00.473000,[R]: 51 
09-48-00.479000,S 1 	RSSI: 64
09-48-00.482000,[R]: 51 
09-48-00.488000,S 1 	RSSI: 63
09-48-00.494000,[R]: 51 
09-48-00.499000,S 1 	RSSI: 63
09-48-00.502000,[R]: 51 
09-48-00.507000,S 1 	RSSI: 64
09-48-00.510000,[R]: 51 
09-48-00.515000,S 1 	RSSI: 63
09-48-00.517000,[R]: 51 
09-48-00.523000,S 1 	RSSI: 64
09-48-00.526000,[R]: 51 
09-48-00.533000,S 1 	RSSI: 64
09-48-00.534000,[R]: 51 
09-48-00.539000,S 1 	RSSI: 64
09-48-00.542000,[R]: 51 
09-48-00.548000,S 1 	RSSI: 63
09-48-00.550000,[R]: 51 
09-48-00.556000,S 1 	RSSI: 64
09-48-00.560000,S 1 	RSSI: 63
09-48-00.563000,[R]: 51 
09-48-00.568000,S 1 	RSSI: 63
09-48-00.571000,[R]: 51 
09-48-00.584000,[R]: 51 
09-48-00.585000,S 1 	RSSI: 63
09-48-00.593000,[R]: 51 
09-48-00.593000,S 1 	RSSI: 63
09-48-00.602000,S 1 	RSSI: 64
09-48-00.605000,[R]: 51 
09-48-00.610000,S 1 	RSSI: 63
09-48-00.613000,[R]: 51 
09-48-00.618000,S 1 	RSSI: 64
09-48-00.621000,[R]: 51 
09-48-00.626000,S 1 	RSSI: 64
09-48-00.629000,[R]: 51 
09-48-00.639000,[R]: 51 
09-48-00.640000,S 1 	RSSI: 63
09-48-00.647000,[R]: 51 
09-48-00.648000,S 1 	RSSI: 63
09-48-00.655000,[R]: 51 
09-48-00.657000,S 1 	RSSI: 63
09-48-00.663000,[R]: 51 
09-48-00.664000,S 1 	RSSI: 63
09-48-00.672000,S 1 	RSSI: 63
09-48-00.675000,[R]: 51 
09-48-00.680000,S 1 	RSSI: 63
09-48-00.684000,[R]: 51 
09-48-00.689000,S 1 	RSSI: 63
09-48-00.692000,[R]: 51 
09-48-00.696000,S 1 	RSSI: 63
09-48-00.700000,[R]: 51 
09-48-00.701000,S 1 	RSSI: 63
09-48-00.708000,[R]: 51 
09-48-00.709000,S 1 	RSSI: 63
09-48-00.717000,[R]: 51 
09-48-00.717000,S 1 	RSSI: 63
09-48-00.725000,[R]: 51 
09-48-00.725000,S 1 	RSSI: 63
09-48-00.733000,[R]: 51 
09-48-00.734000,S 1 	RSSI: 63
09-48-00.741000,S 1 	RSSI: 63
09-48-00.745000,[R]: 51 
09-48-00.750000,S 1 	RSSI: 63
09-48-00.753000,[R]: 51 
09-48-00.758000,S 1 	RSSI: 63
09-48-00.761000,[R]: 51 
09-48-00.766000,S 1 	RSSI: 63
09-48-00.770000,[R]: 51 
09-48-00.771000,S 1 	RSSI: 63
09-48-00.779000,[R]: 51 
09-48-00.780000,S 1 	RSSI: 63
09-48-00.787000,[R]: 51 
09-48-00.787000,S 1 	RSSI: 63
09-48-00.795000,[R]: 51 
09-48-00.796000,S 1 	RSSI: 63
09-48-00.803000,[R]: 51 
09-48-00.804000,S 1 	RSSI: 63
09-48-00.811000,[R]: 51 
09-48-00.813000,S 1 	RSSI: 63
09-48-00.820000,[R]: 51 
09-48-00.822000,S 1 	RSSI: 63
09-48-00.829000,[R]: 51 
09-48-00.830000,S 1 	RSSI: 63
09-48-00.837000,[R]: 51 
09-48-00.837000,S 1 	RSSI: 63
09-48-00.845000,[R]: 51 
09-48-00.845000,S 1 	RSSI: 63
09-48-00.854000,[R]: 51 
09-48-00.854000,S 1 	RSSI: 63
09-48-00.862000,S 1 	RSSI: 63
09-48-00.864000,[R]: 51 
09-48-00.871000,S 1 	RSSI: 63
09-48-00.873000,[R]: 51 
09-48-00.881000,[R]: 51 
09-48-00.886000,S 1 	RSSI: 63
09-48-00.889000,[R]: 51 
09-48-00.890000,S 1 	RSSI: 63
09-48-00.897000,[R]: 51 
09-48-00.898000,S 1 	RSSI: 63
09-48-00.905000,[R]: 51 
09-48-00.911000,S 1 	RSSI: 63
09-48-00.912000,[R]: 51 
09-48-00.919000,S 1 	RSSI: 63
09-48-00.921000,[R]: 51 
09-48-00.927000,S 1 	RSSI: 63
09-48-00.929000,[R]: 51 
09-48-00.934000,S 1 	RSSI: 63
09-48-00.937000,[R]: 51 
09-48-00.943000,S 1 	RSSI: 63
09-48-00.945000,[R]: 51 
09-48-00.951000,S 1 	RSSI: 63
09-48-00.954000,[R]: 51 
09-48-00.962000,[R]: 51 
09-48-00.976000,[R]: 51 
09-48-00.976000,S 1 	RSSI: 63
09-48-00.980000,S 1 	RSSI: 63
09-48-00.983000,[R]: 51 
09-48-00.988000,S 1 	RSSI: 63
09-48-00.991000,[R]: 51 
09-48-00.997000,S 1 	RSSI: 63
09-48-01.000000,[R]: 51 
09-48-01.004000,S 1 	RSSI: 63
09-48-01.008000,[R]: 51 
09-48-01.013000,S 1 	RSSI: 63
09-48-01.016000,[R]: 51 
09-48-01.021000,S 1 	RSSI: 63
09-48-01.024000,[R]: 51 
09-48-01.030000,S 1 	RSSI: 63
09-48-01.032000,[R]: 51 
09-48-01.046000,[R]: 51 
09-48-01.048000,S 1 	RSSI: 63
09-48-01.053000,[R]: 51 
09-48-01.059000,S 1 	RSSI: 63
09-48-01.061000,[R]: 51 
09-48-01.068000,S 1 	RSSI: 63
09-48-01.070000,[R]: 51 
09-48-01.075000,S 1 	RSSI: 63
09-48-01.078000,[R]: 51 
09-48-01.083000,S 1 	RSSI: 63
09-48-01.086000,[R]: 51 
09-48-01.092000,S 1 	RSSI: 63
09-48-01.095000,[R]: 51 
09-48-01.100000,S 1 	RSSI: 63
09-48-01.103000,[R]: 51 
09-48-01.117000,[R]: 51 
09-48-01.118000,S 1 	RSSI: 63
09-48-01.121000,S 1 	RSSI: 63
09-48-01.123000,[R]: 51 
09-48-01.129000,S 1 	RSSI: 63
09-48-01.132000,[R]: 51 
09-48-01.137000,S 1 	RSSI: 63
09-48-01.141000,S 1 	RSSI: 63
09-48-01.144000,[R]: 51 
09-48-01.150000,S 1 	RSSI: 63
09-48-01.153000,[R]: 51 
09-48-01.161000,[R]: 51 
09-48-01.166000,S 1 	RSSI: 63
09-48-01.168000,[R]: 51 
09-48-01.174000,S 1 	RSSI: 63
09-48-01.177000,[R]: 51 
09-48-01.182000,S 1 	RSSI: 63
09-48-01.185000,[R]: 51 
09-48-01.190000,S 1 	RSSI: 63
09-48-01.193000,[R]: 51 
09-48-01.198000,S 1 	RSSI: 63
09-48-01.201000,[R]: 51 
09-48-01.207000,S 1 	RSSI: 63
09-48-01.211000,S 1 	RSSI: 63
09-48-01.214000,[R]: 51 
09-48-01.219000,S 1 	RSSI: 63
09-48-01.222000,[R]: 51 
09-48-01.230000,[R]: 51 
09-48-01.236000,S 1 	RSSI: 63
09-48-01.239000,[R]: 51 
09-48-01.244000,S 1 	RSSI: 63
09-48-01.248000,[R]: 51 
09-48-01.252000,S 1 	RSSI: 63
09-48-01.255000,[R]: 51 
09-48-01.262000,[R]: 51 
09-48-01.268000,S 1 	RSSI: 63
09-48-01.271000,[R]: 51 
09-48-01.277000,S 1 	RSSI: 63
09-48-01.281000,S 1 	RSSI: 63
09-48-01.283000,[R]: 51 
09-48-01.289000,S 1 	RSSI: 63
09-48-01.291000,[R]: 51 
09-48-01.299000,[R]: 51 
09-48-01.307000,[R]: 51 
09-48-01.313000,S 1 	RSSI: 63
09-48-01.316000,[R]: 51 
09-48-01.321000,S 1 	RSSI: 63
09-48-01.324000,[R]: 51 
09-48-01.330000,S 1 	RSSI: 63
09-48-01.332000,[R]: 51 
09-48-01.339000,S 1 	RSSI: 63
09-48-01.341000,[R]: 51 
09-48-01.346000,S 1 	RSSI: 63
09-48-01.352000,S 1 	RSSI: 63
09-48-01.354000,[R]: 51 
09-48-01.359000,S 1 	RSSI: 63
09-48-01.361000,[R]: 51 
09-48-01.370000,[R]: 51 
09-48-01.375000,S 1 	RSSI: 63
09-48-01.379000,[R]: 51 
09-48-01.383000,S 1 	RSSI: 63
09-48-01.387000,[R]: 51 
09-48-01.392000,S 1 	RSSI: 63
09-48-01.395000,[R]: 51 
09-48-01.400000,S 1 	RSSI: 63
09-48-01.403000,[R]: 51 
09-48-01.409000,S 1 	RSSI: 63
09-48-01.411000,[R]: 51 
09-48-01.417000,S 1 	RSSI: 63
09-48-01.421000,S 1 	RSSI: 63
09-48-01.424000,[R]: 51 
09-48-01.429000,S 1 	RSSI: 63
09-48-01.432000,[R]: 51 
09-48-01.437000,S 1 	RSSI: 62
09-48-01.440000,[R]: 51 
09-48-01.445000,S 1 	RSSI: 63
09-48-01.448000,[R]: 51 
09-48-01.453000,S 1 	RSSI: 63
09-48-01.456000,[R]: 51 
09-48-01.462000,S 1 	RSSI: 63
09-48-01.465000,[R]: 51 
09-48-01.470000,S 1 	RSSI: 63
09-48-01.473000,[R]: 51 
09-48-01.478000,S 1 	RSSI: 63
09-48-01.481000,[R]: 51 
09-48-01.487000,S 1 	RSSI: 63
09-48-01.492000,S 1 	RSSI: 63
09-48-01.493000,[R]: 51 
09-48-01.500000,S 1 	RSSI: 63
09-48-01.504000,[R]: 51 
09-48-01.508000,S 1 	RSSI: 62
09-48-01.511000,[R]: 51 
09-48-01.515000,S 1 	RSSI: 63
09-48-01.518000,[R]: 51 
09-48-01.524000,S 1 	RSSI: 63
09-48-01.527000,[R]: 51 
09-48-01.532000,S 1 	RSSI: 63
09-48-01.536000,[R]: 51 
09-48-01.540000,S 1 	RSSI: 63
09-48-01.543000,[R]: 51 
09-48-01.548000,S 1 	RSSI: 63
09-48-01.552000,[R]: 51 
09-48-01.561000,S 1 	RSSI: 63
09-48-01.563000,[R]: 51 
09-48-01.569000,S 1 	RSSI: 63
09-48-01.573000,[R]: 51 
09-48-01.580000,[R]: 51 
09-48-01.585000,S 1 	RSSI: 63
09-48-01.588000,[R]: 51 
09-48-01.596000,[R]: 51 
09-48-01.603000,S 1 	RSSI: 63
09-48-01.604000,[R]: 51 
09-48-01.610000,S 1 	RSSI: 63
09-48-01.613000,[R]: 51 
09-48-01.618000,S 1 	RSSI: 63
09-48-01.621000,[R]: 51 
09-48-01.627000,S 1 	RSSI: 62
09-48-01.631000,S 1 	RSSI: 62
09-48-01.633000,[R]: 51 
09-48-01.638000,S 1 	RSSI: 63
09-48-01.641000,[R]: 51 
09-48-01.646000,S 1 	RSSI: 63
09-48-01.649000,[R]: 51 
09-48-01.654000,S 1 	RSSI: 63
09-48-01.658000,[R]: 51 
09-48-01.663000,S 1 	RSSI: 63
09-48-01.665000,[R]: 51 
09-48-01.671000,S 1 	RSSI: 62
09-48-01.674000,[R]: 51 
09-48-01.679000,S 1 	RSSI: 62
09-48-01.682000,[R]: 51 
09-48-01.688000,S 1 	RSSI: 63
09-48-01.690000,[R]: 51 
09-48-01.696000,S 1 	RSSI: 62
09-48-01.700000,S 1 	RSSI: 62
09-48-01.703000,[R]: 51 
09-48-01.709000,S 1 	RSSI: 62
09-48-01.712000,[R]: 51 
09-48-01.717000,S 1 	RSSI: 62
09-48-01.720000,[R]: 51 
09-48-01.725000,S 1 	RSSI: 63
09-48-01.728000,[R]: 51 
09-48-01.734000,S 1 	RSSI: 63
09-48-01.736000,[R]: 51 
09-48-01.741000,S 1 	RSSI: 62
09-48-01.744000,[R]: 51 
09-48-01.751000,S 1 	RSSI: 63
09-48-01.753000,[R]: 51 
09-48-01.758000,S 1 	RSSI: 63
09-48-01.761000,[R]: 51 
09-48-01.771000,S 1 	RSSI: 63
09-48-01.773000,[R]: 51 
09-48-01.778000,S 1 	RSSI: 62
09-48-01.782000,[R]: 51 
09-48-01.787000,S 1 	RSSI: 62
09-48-01.790000,[R]: 51 
09-48-01.795000,S 1 	RSSI: 63
09-48-01.798000,[R]: 51 
09-48-01.804000,S 1 	RSSI: 63
09-48-01.806000,[R]: 51 
09-48-01.812000,S 1 	RSSI: 62
09-48-01.814000,[R]: 51 
09-48-01.820000,S 1 	RSSI: 62
09-48-01.822000,[R]: 51 
09-48-01.828000,S 1 	RSSI: 62
09-48-01.831000,[R]: 51 
09-48-01.836000,S 1 	RSSI: 63
09-48-01.840000,S 1 	RSSI: 63
09-48-01.843000,[R]: 51 
09-48-01.849000,S 1 	RSSI: 62
09-48-01.851000,[R]: 51 
09-48-01.857000,S 1 	RSSI: 62
09-48-01.859000,[R]: 51 
09-48-01.865000,S 1 	RSSI: 62
09-48-01.868000,[R]: 51 
09-48-01.873000,S 1 	RSSI: 63
09-48-01.876000,[R]: 51 
09-48-01.882000,S 1 	RSSI: 62
09-48-01.884000,[R]: 51 
09-48-01.892000,[R]: 51 
09-48-01.906000,[R]: 51 
09-48-01.907000,S 1 	RSSI: 63
09-48-01.910000,S 1 	RSSI: 62
09-48-01.913000,[R]: 51 
09-48-01.918000,S 1 	RSSI: 62
09-48-01.921000,[R]: 51 
09-48-01.927000,S 1 	RSSI: 62
09-48-01.929000,[R]: 51 
09-48-01.936000,S 1 	RSSI: 62
09-48-01.939000,[R]: 51 
09-48-01.943000,S 1 	RSSI: 63
09-48-01.946000,[R]: 51 
09-48-01.953000,S 1 	RSSI: 63
09-48-01.955000,[R]: 51 
09-48-01.960000,S 1 	RSSI: 62
09-48-01.962000,[R]: 51 
09-48-01.969000,S 1 	RSSI: 63
09-48-01.971000,[R]: 51 
09-48-01.977000,S 1 	RSSI: 62
09-48-01.981000,[R]: 51 
09-48-01.981000,S 1 	RSSI: 63
09-48-01.988000,[R]: 51 
09-48-01.990000,S 1 	RSSI: 63
09-48-01.998000,[R]: 51 
09-48-01.999000,S 1 	RSSI: 63
09-48-02.006000,[R]: 51 
09-48-02.007000,S 1 	RSSI: 63
09-48-02.012000,[R]: 51 
09-48-02.013000,S 1 	RSSI: 63
09-48-02.020000,S 1 	RSSI: 62
09-48-02.023000,[R]: 51 
09-48-02.029000,S 1 	RSSI: 63
09-48-02.032000,[R]: 51 
09-48-02.037000,S 1 	RSSI: 62
09-48-02.040000,[R]: 51 
09-48-02.045000,S 1 	RSSI: 62
09-48-02.048000,[R]: 51 
09-48-02.054000,S 1 	RSSI: 62
09-48-02.056000,[R]: 51 
09-48-02.062000,S 1 	RSSI: 62
09-48-02.066000,[R]: 51 
09-48-02.070000,S 1 	RSSI: 63
09-48-02.073000,[R]: 51 
09-48-02.079000,S 1 	RSSI: 62
09-48-02.081000,[R]: 51 
09-48-02.089000,[R]: 51 
09-48-02.095000,S 1 	RSSI: 62
09-48-02.099000,[R]: 51 
09-48-02.100000,S 1 	RSSI: 63
09-48-02.107000,[R]: 51 
09-48-02.108000,S 1 	RSSI: 62
09-48-02.116000,[R]: 51 
09-48-02.116000,S 1 	RSSI: 63
09-48-02.120000,S 1 	RSSI: 62
09-48-02.122000,[R]: 51 
09-48-02.128000,S 1 	RSSI: 63
09-48-02.131000,[R]: 51 
09-48-02.136000,S 1 	RSSI: 63
09-48-02.139000,[R]: 51 
09-48-02.145000,S 1 	RSSI: 63
09-48-02.148000,[R]: 51 
09-48-02.153000,S 1 	RSSI: 63
09-48-02.157000,[R]: 51 
09-48-02.162000,S 1 	RSSI: 62
09-48-02.165000,[R]: 51 
09-48-02.170000,S 1 	RSSI: 62
09-48-02.173000,[R]: 51 
09-48-02.186000,[R]: 51 
09-48-02.188000,S 1 	RSSI: 63
09-48-02.191000,S 1 	RSSI: 63
09-48-02.193000,[R]: 51 
09-48-02.199000,S 1 	RSSI: 63
09-48-02.202000,[R]: 51 
09-48-02.207000,S 1 	RSSI: 63
09-48-02.210000,[R]: 51 
09-48-02.216000,S 1 	RSSI: 63
09-48-02.218000,[R]: 51 
09-48-02.224000,S 1 	RSSI: 63
09-48-02.226000,[R]: 51 
09-48-02.232000,S 1 	RSSI: 63
09-48-02.234000,[R]: 51 
09-48-02.239000,S 1 	RSSI: 63
09-48-02.243000,[R]: 51 
09-48-02.256000,[R]: 51 
09-48-02.256000,S 1 	RSSI: 63
09-48-02.260000,S 1 	RSSI: 63
09-48-02.263000,[R]: 51 
09-48-02.268000,S 1 	RSSI: 62
09-48-02.271000,[R]: 51 
09-48-02.276000,S 1 	RSSI: 63
09-48-02.281000,S 1 	RSSI: 62
09-48-02.283000,[R]: 51 
09-48-02.289000,S 1 	RSSI: 62
09-48-02.292000,[R]: 51 
09-48-02.297000,S 1 	RSSI: 63
09-48-02.300000,[R]: 51 
09-48-02.306000,S 1 	RSSI: 62
09-48-02.308000,[R]: 51 
09-48-02.314000,S 1 	RSSI: 63
09-48-02.316000,[R]: 51 
09-48-02.322000,S 1 	RSSI: 63
09-48-02.325000,[R]: 51 
09-48-02.330000,S 1 	RSSI: 62
09-48-02.333000,[R]: 51 
09-48-02.341000,[R]: 51 
09-48-02.346000,S 1 	RSSI: 62
09-48-02.351000,S 1 	RSSI: 62
09-48-02.353000,[R]: 51 
09-48-02.359000,S 1 	RSSI: 62
09-48-02.362000,[R]: 51 
09-48-02.367000,S 1 	RSSI: 60
09-48-02.371000,[R]: 51 
09-48-02.376000,S 1 	RSSI: 63
09-48-02.378000,[R]: 51 
09-48-02.383000,S 1 	RSSI: 62
09-48-02.386000,[R]: 51 
09-48-02.391000,S 1 	RSSI: 63
09-48-02.395000,[R]: 51 
09-48-02.400000,S 1 	RSSI: 63
09-48-02.403000,[R]: 51 
09-48-02.411000,[R]: 51 
09-48-02.417000,S 1 	RSSI: 62
09-48-02.424000,S 1 	RSSI: 62
09-48-02.424000,[R]: 51 
09-48-02.428000,S 1 	RSSI: 63
09-48-02.431000,[R]: 51 
09-48-02.439000,[R]: 51 
09-48-02.445000,S 1 	RSSI: 63
09-48-02.448000,[R]: 51 
09-48-02.453000,S 1 	RSSI: 63
09-48-02.457000,[R]: 51 
09-48-02.462000,S 1 	RSSI: 63
09-48-02.465000,[R]: 51 
09-48-02.469000,S 1 	RSSI: 63
09-48-02.472000,[R]: 51 
09-48-02.477000,S 1 	RSSI: 63
09-48-02.480000,[R]: 51 
09-48-02.486000,S 1 	RSSI: 62
09-48-02.490000,S 1 	RSSI: 62
09-48-02.493000,[R]: 51 
09-48-02.499000,S 1 	RSSI: 63
09-48-02.502000,[R]: 51 
09-48-02.507000,S 1 	RSSI: 62
09-48-02.510000,[R]: 51 
09-48-02.515000,S 1 	RSSI: 63
09-48-02.518000,[R]: 51 
09-48-02.523000,S 1 	RSSI: 62
09-48-02.526000,[R]: 51 
09-48-02.531000,S 1 	RSSI: 63
09-48-02.534000,[R]: 51 
09-48-02.540000,S 1 	RSSI: 63
09-48-02.542000,[R]: 51 
09-48-02.548000,S 1 	RSSI: 62
09-48-02.552000,[R]: 51 
09-48-02.556000,S 1 	RSSI: 62
09-48-02.560000,S 1 	RSSI: 63
09-48-02.563000,[R]: 51 
09-48-02.568000,S 1 	RSSI: 63
09-48-02.572000,[R]: 51 
09-48-02.577000,S 1 	RSSI: 62
09-48-02.580000,[R]: 51 
09-48-02.586000,S 1 	RSSI: 63
09-48-02.588000,[R]: 51 
09-48-02.596000,[R]: 51 
09-48-02.602000,S 1 	RSSI: 62
09-48-02.605000,[R]: 51 
09-48-02.610000,S 1 	RSSI: 62
09-48-02.612000,[R]: 51 
09-48-02.619000,S 1 	RSSI: 62
09-48-02.621000,[R]: 51 
09-48-02.627000,S 1 	RSSI: 62
09-48-02.630000,S 1 	RSSI: 62
09-48-02.634000,[R]: 51 
09-48-02.640000,S 1 	RSSI: 63
09-48-02.642000,[R]: 51 
09-48-02.647000,S 1 	RSSI: 62
09-48-02.651000,[R]: 51 
09-48-02.656000,S 1 	RSSI: 62
09-48-02.658000,[R]: 51 
09-48-02.664000,S 1 	RSSI: 62
09-48-02.667000,[R]: 51 
09-48-02.674000,S 1 	RSSI: 62
09-48-02.674000,[R]: 51 
09-48-02.680000,S 1 	RSSI: 62
09-48-02.684000,[R]: 51 
09-48-02.688000,S 1 	RSSI: 62
09-48-02.691000,[R]: 51 
09-48-02.696000,S 1 	RSSI: 62
09-48-02.699000,[R]: 51 
09-48-02.704000,S 1 	RSSI: 62
09-48-02.707000,[R]: 51 
09-48-02.713000,S 1 	RSSI: 62
09-48-02.715000,[R]: 51 
09-48-02.721000,S 1 	RSSI: 62
09-48-02.724000,[R]: 51 
09-48-02.729000,S 1 	RSSI: 62
09-48-02.732000,[R]: 51 
09-48-02.745000,[R]: 51 
09-48-02.746000,S 1 	RSSI: 62
09-48-02.750000,S 1 	RSSI: 62
09-48-02.753000,[R]: 51 
09-48-02.757000,S 1 	RSSI: 62
09-48-02.760000,[R]: 51 
09-48-02.765000,S 1 	RSSI: 62
09-48-02.770000,S 1 	RSSI: 62
09-48-02.772000,[R]: 51 
09-48-02.778000,S 1 	RSSI: 62
09-48-02.780000,[R]: 51 
09-48-02.786000,S 1 	RSSI: 62
09-48-02.789000,[R]: 51 
09-48-02.797000,[R]: 51 
09-48-02.804000,S 1 	RSSI: 62
09-48-02.805000,[R]: 51 
09-48-02.811000,S 1 	RSSI: 62
09-48-02.814000,[R]: 51 
09-48-02.820000,S 1 	RSSI: 63
09-48-02.822000,[R]: 51 
09-48-02.827000,S 1 	RSSI: 63
09-48-02.830000,[R]: 51 
09-48-02.836000,S 1 	RSSI: 62
09-48-02.840000,S 1 	RSSI: 62
09-48-02.842000,[R]: 51 
09-48-02.849000,S 1 	RSSI: 62
09-48-02.851000,[R]: 51 
09-48-02.859000,[R]: 51 
09-48-02.866000,S 1 	RSSI: 62
09-48-02.868000,[R]: 51 
09-48-02.873000,S 1 	RSSI: 63
09-48-02.876000,[R]: 51 
09-48-02.881000,S 1 	RSSI: 63
09-48-02.884000,[R]: 51 
09-48-02.889000,S 1 	RSSI: 63
09-48-02.892000,[R]: 51 
09-48-02.898000,S 1 	RSSI: 62
09-48-02.901000,[R]: 51 
09-48-02.906000,S 1 	RSSI: 62
09-48-02.910000,S 1 	RSSI: 63
09-48-02.913000,[R]: 51 
09-48-02.919000,S 1 	RSSI: 63
09-48-02.921000,[R]: 51 
09-48-02.926000,S 1 	RSSI: 63
09-48-02.929000,[R]: 51 
09-48-02.935000,S 1 	RSSI: 63
09-48-02.938000,[R]: 51 
09-48-02.943000,S 1 	RSSI: 63
09-48-02.946000,[R]: 51 
09-48-02.951000,S 1 	RSSI: 63
09-48-02.954000,[R]: 51 
09-48-02.959000,S 1 	RSSI: 63
09-48-02.962000,[R]: 51 
09-48-02.968000,S 1 	RSSI: 63
09-48-02.970000,[R]: 51 
09-48-02.980000,S 1 	RSSI: 63
09-48-02.983000,[R]: 51 
09-48-02.988000,S 1 	RSSI: 63
09-48-02.991000,[R]: 51 
09-48-02.997000,S 1 	RSSI: 64
09-48-02.999000,[R]: 51 
09-48-03.005000,S 1 	RSSI: 64
09-48-03.007000,[R]: 51 
09-48-03.013000,S 1 	RSSI: 64
09-48-03.016000,[R]: 51 
09-48-03.021000,S 1 	RSSI: 64
09-48-03.024000,[R]: 51 
09-48-03.031000,S 1 	RSSI: 64
09-48-03.032000,[R]: 51 
09-48-03.039000,S 1 	RSSI: 65
09-48-03.042000,[R]: 51 
09-48-03.046000,S 1 	RSSI: 65
09-48-03.051000,[R]: 51 
09-48-03.052000,S 1 	RSSI: 64
09-48-03.058000,[R]: 51 
09-48-03.059000,S 1 	RSSI: 64
09-48-03.066000,[R]: 51 
09-48-03.073000,S 1 	RSSI: 64
09-48-03.076000,[R]: 51 
09-48-03.076000,S 1 	RSSI: 65
09-48-03.084000,[R]: 51 
09-48-03.085000,S 1 	RSSI: 65
09-48-03.091000,S 1 	RSSI: 64
09-48-03.094000,[R]: 51 
09-48-03.099000,S 1 	RSSI: 64
09-48-03.103000,[R]: 51 
09-48-03.117000,[R]: 51 
09-48-03.118000,S 1 	RSSI: 65
09-48-03.124000,[R]: 51 
09-48-03.125000,S 1 	RSSI: 64
09-48-03.132000,[R]: 51 
09-48-03.134000,S 1 	RSSI: 64
09-48-03.140000,S 1 	RSSI: 64
09-48-03.142000,[R]: 51 
09-48-03.148000,S 1 	RSSI: 64
09-48-03.151000,[R]: 51 
09-48-03.159000,[R]: 51 
09-48-03.165000,S 1 	RSSI: 65
09-48-03.168000,[R]: 51 
09-48-03.169000,S 1 	RSSI: 65
09-48-03.177000,[R]: 51 
09-48-03.177000,S 1 	RSSI: 65
09-48-03.186000,[R]: 51 
09-48-03.186000,S 1 	RSSI: 65
09-48-03.189000,S 1 	RSSI: 66
09-48-03.192000,[R]: 51 
09-48-03.198000,S 1 	RSSI: 66
09-48-03.202000,[R]: 51 
09-48-03.206000,S 1 	RSSI: 67
09-48-03.210000,S 1 	RSSI: 67
09-48-03.213000,[R]: 51 
09-48-03.218000,S 1 	RSSI: 66
09-48-03.221000,[R]: 51 
09-48-03.226000,S 1 	RSSI: 65
09-48-03.230000,[R]: 51 
09-48-03.236000,S 1 	RSSI: 67
09-48-03.238000,[R]: 51 
09-48-03.244000,S 1 	RSSI: 67
09-48-03.246000,[R]: 51 
09-48-03.253000,S 1 	RSSI: 68
09-48-03.254000,[R]: 51 
09-48-03.260000,S 1 	RSSI: 68
09-48-03.263000,[R]: 51 
09-48-03.268000,S 1 	RSSI: 69
09-48-03.271000,[R]: 51 
09-48-03.276000,S 1 	RSSI: 70
09-48-03.280000,S 1 	RSSI: 70
09-48-03.283000,[R]: 51 
09-48-03.289000,S 1 	RSSI: 70
09-48-03.292000,[R]: 51 
09-48-03.300000,[R]: 51 
09-48-03.306000,S 1 	RSSI: 70
09-48-03.308000,[R]: 51 
09-48-03.313000,S 1 	RSSI: 70
09-48-03.317000,[R]: 51 
09-48-03.322000,S 1 	RSSI: 71
09-48-03.324000,[R]: 51 
09-48-03.330000,S 1 	RSSI: 71
09-48-03.334000,[R]: 51 
09-48-03.338000,S 1 	RSSI: 69
09-48-03.342000,[R]: 51 
09-48-03.350000,S 1 	RSSI: 69
09-48-03.354000,[R]: 51 
09-48-03.358000,S 1 	RSSI: 70
09-48-03.361000,[R]: 51 
09-48-03.370000,[R]: 51 
09-48-03.375000,S 1 	RSSI: 69
09-48-03.378000,[R]: 51 
09-48-03.383000,S 1 	RSSI: 69
09-48-03.386000,[R]: 51 
09-48-03.391000,S 1 	RSSI: 70
09-48-03.394000,[R]: 51 
09-48-03.400000,S 1 	RSSI: 70
09-48-03.402000,[R]: 51 
09-48-03.409000,S 1 	RSSI: 71
09-48-03.411000,[R]: 51 
09-48-03.420000,S 1 	RSSI: 72
09-48-03.423000,[R]: 51 
09-48-03.429000,S 1 	RSSI: 73
09-48-03.431000,[R]: 51 
09-48-03.440000,[R]: 51 
09-48-03.445000,S 1 	RSSI: 72
09-48-03.448000,[R]: 51 
09-48-03.453000,S 1 	RSSI: 73
09-48-03.456000,[R]: 51 
09-48-03.462000,S 1 	RSSI: 73
09-48-03.466000,[R]: 51 
09-48-03.471000,S 1 	RSSI: 73
09-48-03.473000,[R]: 51 
09-48-03.481000,[R]: 51 
09-48-03.486000,S 1 	RSSI: 73
09-48-03.490000,S 1 	RSSI: 73
09-48-03.493000,[R]: 51 
09-48-03.500000,S 1 	RSSI: 73
09-48-03.502000,[R]: 51 
09-48-03.509000,[R]: 51 
09-48-03.514000,S 1 	RSSI: 73
09-48-03.517000,[R]: 51 
09-48-03.524000,S 1 	RSSI: 73
09-48-03.526000,[R]: 51 
09-48-03.531000,S 1 	RSSI: 72
09-48-03.535000,[R]: 51 
09-48-03.540000,S 1 	RSSI: 72
09-48-03.543000,[R]: 51 
09-48-03.547000,S 1 	RSSI: 72
09-48-03.551000,[R]: 51 
09-48-03.556000,S 1 	RSSI: 72
09-48-03.560000,S 1 	RSSI: 73
09-48-03.562000,[R]: 51 
09-48-03.569000,S 1 	RSSI: 72
09-48-03.571000,[R]: 51 
09-48-03.579000,[R]: 51 
09-48-03.584000,S 1 	RSSI: 72
09-48-03.587000,[R]: 51 
09-48-03.593000,S 1 	RSSI: 72
09-48-03.595000,[R]: 51 
09-48-03.602000,S 1 	RSSI: 71
09-48-03.604000,[R]: 51 
09-48-03.609000,S 1 	RSSI: 71
09-48-03.612000,[R]: 51 
09-48-03.618000,S 1 	RSSI: 71
09-48-03.621000,[R]: 51 
09-48-03.630000,S 1 	RSSI: 70
09-48-03.633000,[R]: 51 
09-48-03.638000,S 1 	RSSI: 72
09-48-03.641000,[R]: 51 
09-48-03.649000,[R]: 51 
09-48-03.655000,S 1 	RSSI: 70
09-48-03.658000,[R]: 51 
09-48-03.663000,S 1 	RSSI: 70
09-48-03.666000,[R]: 51 
09-48-03.671000,S 1 	RSSI: 70
09-48-03.674000,[R]: 51 
09-48-03.679000,S 1 	RSSI: 70
09-48-03.682000,[R]: 51 
09-48-03.688000,S 1 	RSSI: 71
09-48-03.691000,[R]: 51 
09-48-03.696000,S 1 	RSSI: 70
09-48-03.700000,S 1 	RSSI: 71
09-48-03.703000,[R]: 51 
09-48-03.711000,[R]: 51 
09-48-03.719000,[R]: 51 
09-48-03.725000,S 1 	RSSI: 70
09-48-03.728000,[R]: 51 
09-48-03.733000,S 1 	RSSI: 71
09-48-03.736000,[R]: 51 
09-48-03.743000,S 1 	RSSI: 70
09-48-03.745000,[R]: 51 
09-48-03.751000,S 1 	RSSI: 70
09-48-03.752000,[R]: 51 
09-48-03.758000,S 1 	RSSI: 70
09-48-03.762000,[R]: 51 
09-48-03.766000,S 1 	RSSI: 70
09-48-03.774000,[R]: 51 
09-48-03.778000,S 1 	RSSI: 70
09-48-03.781000,[R]: 51 
09-48-03.789000,[R]: 51 
09-48-03.795000,S 1 	RSSI: 70
09-48-03.798000,[R]: 51 
09-48-03.803000,S 1 	RSSI: 69
09-48-03.806000,[R]: 51 
09-48-03.811000,S 1 	RSSI: 69
09-48-03.814000,[R]: 51 
09-48-03.820000,S 1 	RSSI: 69
09-48-03.822000,[R]: 51 
09-48-03.828000,S 1 	RSSI: 69
09-48-03.831000,[R]: 51 
09-48-03.840000,S 1 	RSSI: 69
09-48-03.843000,[R]: 51 
09-48-03.849000,S 1 	RSSI: 69
09-48-03.851000,[R]: 51 
09-48-03.859000,[R]: 51 
09-48-03.866000,S 1 	RSSI: 68
09-48-03.868000,[R]: 51 
09-48-03.873000,S 1 	RSSI: 68
09-48-03.876000,[R]: 51 
09-48-03.880000,S 1 	RSSI: 69
09-48-03.883000,[R]: 51 
09-48-03.891000,[R]: 51 
09-48-03.897000,S 1 	RSSI: 68
09-48-03.900000,[R]: 51 
09-48-03.905000,S 1 	RSSI: 68
09-48-03.909000,S 1 	RSSI: 69
09-48-03.912000,[R]: 51 
09-48-03.918000,S 1 	RSSI: 69
09-48-03.920000,[R]: 51 
09-48-03.926000,S 1 	RSSI: 68
09-48-03.929000,[R]: 51 
09-48-03.937000,[R]: 51 
09-48-03.942000,S 1 	RSSI: 68
09-48-03.945000,[R]: 51 
09-48-03.951000,S 1 	RSSI: 69
09-48-03.953000,[R]: 51 
09-48-03.959000,S 1 	RSSI: 68
09-48-03.961000,[R]: 51 
09-48-03.967000,S 1 	RSSI: 69
09-48-03.970000,[R]: 51 
09-48-03.975000,S 1 	RSSI: 68
09-48-03.980000,[R]: 51 
09-48-03.980000,S 1 	RSSI: 68
09-48-03.986000,[R]: 51 
09-48-03.997000,[R]: 51 
09-48-03.997000,S 1 	RSSI: 68
09-48-04.005000,[R]: 51 
09-48-04.007000,S 1 	RSSI: 68
09-48-04.013000,[R]: 51 
09-48-04.014000,S 1 	RSSI: 68
09-48-04.021000,S 1 	RSSI: 68
09-48-04.024000,[R]: 51 
09-48-04.029000,S 1 	RSSI: 68
09-48-04.032000,[R]: 51 
09-48-04.038000,S 1 	RSSI: 68
09-48-04.040000,[R]: 51 
09-48-04.046000,S 1 	RSSI: 68
09-48-04.050000,[R]: 51 
09-48-04.050000,S 1 	RSSI: 68
09-48-04.058000,[R]: 51 
09-48-04.058000,S 1 	RSSI: 68
09-48-04.067000,[R]: 51 
09-48-04.067000,S 1 	RSSI: 68
09-48-04.074000,[R]: 51 
09-48-04.075000,S 1 	RSSI: 68
09-48-04.083000,[R]: 51 
09-48-04.083000,S 1 	RSSI: 68
09-48-04.091000,S 1 	RSSI: 68
09-48-04.094000,[R]: 51 
09-48-04.099000,S 1 	RSSI: 68
09-48-04.102000,[R]: 51 
09-48-04.110000,[R]: 51 
09-48-04.116000,S 1 	RSSI: 68
09-48-04.120000,[R]: 51 
09-48-04.121000,S 1 	RSSI: 68
09-48-04.128000,[R]: 51 
09-48-04.129000,S 1 	RSSI: 68
09-48-04.136000,[R]: 51 
09-48-04.140000,S 1 	RSSI: 69
09-48-04.145000,[R]: 51 
09-48-04.146000,S 1 	RSSI: 69
09-48-04.153000,[R]: 51 
09-48-04.154000,S 1 	RSSI: 69
09-48-04.162000,S 1 	RSSI: 69
09-48-04.164000,[R]: 51 
09-48-04.171000,S 1 	RSSI: 69
09-48-04.173000,[R]: 51 
09-48-04.186000,[R]: 51 
09-48-04.188000,S 1 	RSSI: 69
09-48-04.190000,S 1 	RSSI: 69
09-48-04.193000,[R]: 51 
09-48-04.199000,S 1 	RSSI: 68
09-48-04.202000,[R]: 51 
09-48-04.206000,S 1 	RSSI: 68
09-48-04.210000,[R]: 51 
09-48-04.215000,S 1 	RSSI: 68
09-48-04.218000,[R]: 51 
09-48-04.224000,S 1 	RSSI: 69
09-48-04.226000,[R]: 51 
09-48-04.232000,S 1 	RSSI: 68
09-48-04.235000,[R]: 51 
09-48-04.240000,S 1 	RSSI: 69
09-48-04.242000,[R]: 51 
09-48-04.255000,[R]: 51 
09-48-04.255000,S 1 	RSSI: 68
09-48-04.259000,S 1 	RSSI: 68
09-48-04.262000,[R]: 51 
09-48-04.267000,S 1 	RSSI: 68
09-48-04.270000,[R]: 51 
09-48-04.276000,S 1 	RSSI: 68
09-48-04.278000,[R]: 51 
09-48-04.285000,S 1 	RSSI: 68
09-48-04.287000,[R]: 51 
09-48-04.292000,S 1 	RSSI: 68
09-48-04.295000,[R]: 51 
09-48-04.300000,S 1 	RSSI: 68
09-48-04.303000,[R]: 51 
09-48-04.309000,S 1 	RSSI: 68
09-48-04.311000,[R]: 51 
09-48-04.324000,[R]: 51 
09-48-04.329000,S 1 	RSSI: 68
09-48-04.332000,[R]: 51 
09-48-04.337000,S 1 	RSSI: 68
09-48-04.341000,[R]: 51 
09-48-04.346000,S 1 	RSSI: 69
09-48-04.351000,S 1 	RSSI: 69
09-48-04.353000,[R]: 51 
09-48-04.359000,S 1 	RSSI: 69
09-48-04.361000,[R]: 51 
09-48-04.367000,S 1 	RSSI: 73
09-48-04.369000,[R]: 51 
09-48-04.374000,S 1 	RSSI: 68
09-48-04.377000,[R]: 51 
09-48-04.384000,S 1 	RSSI: 69
09-48-04.387000,[R]: 51 
09-48-04.392000,S 1 	RSSI: 68
09-48-04.394000,[R]: 51 
09-48-04.399000,S 1 	RSSI: 69
09-48-04.403000,[R]: 51 
09-48-04.408000,S 1 	RSSI: 68
09-48-04.411000,[R]: 51 
09-48-04.417000,S 1 	RSSI: 68
09-48-04.421000,S 1 	RSSI: 68
09-48-04.423000,[R]: 51 
09-48-04.428000,S 1 	RSSI: 68
09-48-04.431000,[R]: 51 
09-48-04.439000,[R]: 51 
09-48-04.448000,[R]: 51 
09-48-04.453000,S 1 	RSSI: 69
09-48-04.456000,[R]: 51 
09-48-04.461000,S 1 	RSSI: 69
09-48-04.464000,[R]: 51 
09-48-04.469000,S 1 	RSSI: 69
09-48-04.472000,[R]: 51 
09-48-04.478000,S 1 	RSSI: 69
09-48-04.481000,[R]: 51 
09-48-04.486000,S 1 	RSSI: 69
09-48-04.490000,S 1 	RSSI: 69
09-48-04.493000,[R]: 51 
09-48-04.498000,S 1 	RSSI: 69
09-48-04.501000,[R]: 51 
09-48-04.509000,[R]: 51 
09-48-04.515000,S 1 	RSSI: 69
09-48-04.518000,[R]: 51 
09-48-04.523000,S 1 	RSSI: 69
09-48-04.526000,[R]: 51 
09-48-04.531000,S 1 	RSSI: 69
09-48-04.534000,[R]: 51 
09-48-04.540000,S 1 	RSSI: 69
09-48-04.542000,[R]: 51 
09-48-04.548000,S 1 	RSSI: 69
09-48-04.551000,[R]: 51 
09-48-04.556000,S 1 	RSSI: 69
09-48-04.560000,S 1 	RSSI: 69
09-48-04.563000,[R]: 51 
09-48-04.569000,S 1 	RSSI: 69
09-48-04.572000,[R]: 51 
09-48-04.577000,S 1 	RSSI: 69
09-48-04.580000,[R]: 51 
09-48-04.589000,[R]: 51 
09-48-04.593000,S 1 	RSSI: 69
09-48-04.596000,[R]: 51 
09-48-04.603000,S 1 	RSSI: 69
09-48-04.604000,[R]: 51 
09-48-04.610000,S 1 	RSSI: 69
09-48-04.612000,[R]: 51 
09-48-04.622000,[R]: 51 
09-48-04.627000,S 1 	RSSI: 69
09-48-04.630000,[R]: 51 
09-48-04.630000,S 1 	RSSI: 69
09-48-04.638000,[R]: 51 
09-48-04.639000,S 1 	RSSI: 70
09-48-04.645000,[R]: 51 
09-48-04.646000,S 1 	RSSI: 70
09-48-04.655000,[R]: 51 
09-48-04.656000,S 1 	RSSI: 70
09-48-04.663000,[R]: 51 
09-48-04.663000,S 1 	RSSI: 70
09-48-04.671000,[R]: 51 
09-48-04.672000,S 1 	RSSI: 71
09-48-04.678000,[R]: 51 
09-48-04.679000,S 1 	RSSI: 70
09-48-04.687000,[R]: 51 
09-48-04.688000,S 1 	RSSI: 70
09-48-04.696000,[R]: 51 
09-48-04.696000,S 1 	RSSI: 70
09-48-04.699000,S 1 	RSSI: 70
09-48-04.702000,[R]: 51 
09-48-04.708000,S 1 	RSSI: 71
09-48-04.710000,[R]: 51 
09-48-04.716000,S 1 	RSSI: 71
09-48-04.719000,[R]: 51 
09-48-04.724000,S 1 	RSSI: 72
09-48-04.727000,[R]: 51 
09-48-04.733000,S 1 	RSSI: 72
09-48-04.736000,[R]: 51 
09-48-04.744000,[R]: 51 
09-48-04.749000,S 1 	RSSI: 72
09-48-04.752000,[R]: 51 
09-48-04.758000,S 1 	RSSI: 74
09-48-04.760000,[R]: 51 
09-48-04.770000,S 1 	RSSI: 74
09-48-04.773000,[R]: 51 
09-48-04.778000,S 1 	RSSI: 74
09-48-04.781000,[R]: 51 
09-48-04.787000,S 1 	RSSI: 75
09-48-04.789000,[R]: 51 
09-48-04.794000,S 1 	RSSI: 75
09-48-04.797000,[R]: 51 
09-48-04.803000,S 1 	RSSI: 75
09-48-04.806000,[R]: 51 
09-48-04.811000,S 1 	RSSI: 75
09-48-04.814000,[R]: 51 
09-48-04.819000,S 1 	RSSI: 75
09-48-04.822000,[R]: 51 
09-48-04.828000,S 1 	RSSI: 75
09-48-04.831000,[R]: 51 
09-48-04.836000,S 1 	RSSI: 76
09-48-04.840000,S 1 	RSSI: 75
09-48-04.843000,[R]: 51 
09-48-04.848000,S 1 	RSSI: 76
09-48-04.852000,[R]: 51 
09-48-04.857000,S 1 	RSSI: 76
09-48-04.859000,[R]: 51 
09-48-04.864000,S 1 	RSSI: 76
09-48-04.868000,[R]: 51 
09-48-04.874000,S 1 	RSSI: 77
09-48-04.876000,[R]: 51 
09-48-04.881000,S 1 	RSSI: 77
09-48-04.885000,[R]: 51 
09-48-04.889000,S 1 	RSSI: 77
09-48-04.892000,[R]: 51 
09-48-04.898000,S 1 	RSSI: 77
09-48-04.900000,[R]: 51 
09-48-04.906000,S 1 	RSSI: 78
09-48-04.910000,[R]: 51 
09-48-04.911000,S 1 	RSSI: 78
09-48-04.918000,[R]: 51 
09-48-04.919000,S 1 	RSSI: 80
09-48-04.926000,[R]: 51 
09-48-04.927000,S 1 	RSSI: 80
09-48-04.934000,[R]: 51 
09-48-04.935000,S 1 	RSSI: 80
09-48-04.943000,[R]: 51 
09-48-04.944000,S 1 	RSSI: 81
09-48-04.954000,[R]: 51 
09-48-04.959000,S 1 	RSSI: 81
09-48-04.962000,[R]: 51 
09-48-04.970000,[R]: 51 
09-48-04.976000,S 1 	RSSI: 81
09-48-04.980000,[R]: 51 
09-48-04.981000,S 1 	RSSI: 81
09-48-04.988000,[R]: 51 
09-48-04.990000,S 1 	RSSI: 82
09-48-04.996000,[R]: 51 
09-48-04.997000,S 1 	RSSI: 84
09-48-05.003000,[R]: 51 
09-48-05.004000,S 1 	RSSI: 83
09-48-05.011000,[R]: 51 
09-48-05.021000,S 1 	RSSI: 84
09-48-05.024000,[R]: 51 
09-48-05.028000,S 1 	RSSI: 87
09-48-05.031000,[R]: 51 
09-48-05.038000,S 1 	RSSI: 87
09-48-05.040000,[R]: 51 
09-48-05.045000,S 1 	RSSI: 86
09-48-05.048000,[R]: 51 
09-48-05.057000,[R]: 51 
09-48-05.058000,S 1 	RSSI: 87
09-48-05.066000,[R]: 51 
09-48-05.067000,S 1 	RSSI: 87
09-48-05.074000,[R]: 51 
09-48-05.074000,S 1 	RSSI: 84
09-48-05.082000,[R]: 51 
09-48-05.083000,S 1 	RSSI: 83
09-48-05.090000,[R]: 51 
09-48-05.091000,S 1 	RSSI: 83
09-48-05.099000,[R]: 51 
09-48-05.100000,S 1 	RSSI: 82
09-48-05.107000,[R]: 51 
09-48-05.108000,S 1 	RSSI: 81
09-48-05.116000,[R]: 51 
09-48-05.116000,S 1 	RSSI: 79
09-48-05.120000,S 1 	RSSI: 78
09-48-05.122000,[R]: 51 
09-48-05.128000,S 1 	RSSI: 77
09-48-05.131000,[R]: 51 
09-48-05.136000,S 1 	RSSI: 76
09-48-05.139000,[R]: 51 
09-48-05.144000,S 1 	RSSI: 75
09-48-05.147000,[R]: 51 
09-48-05.153000,S 1 	RSSI: 75
09-48-05.155000,[R]: 51 
09-48-05.161000,S 1 	RSSI: 74
09-48-05.164000,[R]: 51 
09-48-05.169000,S 1 	RSSI: 74
09-48-05.172000,[R]: 51 
09-48-05.177000,S 1 	RSSI: 75
09-48-05.180000,[R]: 51 
09-48-05.185000,S 1 	RSSI: 72
09-48-05.188000,[R]: 51 
09-48-05.198000,[R]: 51 
09-48-05.199000,S 1 	RSSI: 72
09-48-05.206000,[R]: 51 
09-48-05.207000,S 1 	RSSI: 72
09-48-05.210000,S 1 	RSSI: 72
09-48-05.213000,[R]: 51 
09-48-05.218000,S 1 	RSSI: 71
09-48-05.221000,[R]: 51 
09-48-05.230000,[R]: 51 
09-48-05.235000,S 1 	RSSI: 70
09-48-05.238000,[R]: 51 
09-48-05.244000,S 1 	RSSI: 71
09-48-05.247000,[R]: 51 
09-48-05.252000,S 1 	RSSI: 70
09-48-05.255000,[R]: 51 
09-48-05.260000,S 1 	RSSI: 69
09-48-05.262000,[R]: 51 
09-48-05.268000,S 1 	RSSI: 69
09-48-05.270000,[R]: 51 
09-48-05.277000,S 1 	RSSI: 70
09-48-05.280000,S 1 	RSSI: 69
09-48-05.283000,[R]: 51 
09-48-05.288000,S 1 	RSSI: 69
09-48-05.291000,[R]: 51 
09-48-05.297000,S 1 	RSSI: 68
09-48-05.299000,[R]: 51 
09-48-05.306000,S 1 	RSSI: 69
09-48-05.308000,[R]: 51 
09-48-05.313000,S 1 	RSSI: 70
09-48-05.316000,[R]: 51 
09-48-05.322000,S 1 	RSSI: 69
09-48-05.325000,[R]: 51 
09-48-05.330000,S 1 	RSSI: 70
09-48-05.334000,[R]: 51 
09-48-05.338000,S 1 	RSSI: 70
09-48-05.341000,[R]: 51 
09-48-05.350000,S 1 	RSSI: 70
09-48-05.353000,[R]: 51 
09-48-05.358000,S 1 	RSSI: 71
09-48-05.361000,[R]: 51 
09-48-05.367000,S 1 	RSSI: 71
09-48-05.369000,[R]: 51 
09-48-05.374000,S 1 	RSSI: 72
09-48-05.377000,[R]: 51 
09-48-05.385000,[R]: 51 
09-48-05.390000,S 1 	RSSI: 73
09-48-05.393000,[R]: 51 
09-48-05.399000,S 1 	RSSI: 74
09-48-05.402000,[R]: 51 
09-48-05.407000,S 1 	RSSI: 75
09-48-05.410000,[R]: 51 
09-48-05.415000,S 1 	RSSI: 75
09-48-05.419000,S 1 	RSSI: 75
09-48-05.422000,[R]: 51 
09-48-05.430000,[R]: 51 
09-48-05.436000,S 1 	RSSI: 75
09-48-05.439000,[R]: 51 
09-48-05.444000,S 1 	RSSI: 75
09-48-05.451000,[R]: 51 
09-48-05.453000,S 1 	RSSI: 75
09-48-05.456000,[R]: 51 
09-48-05.464000,[R]: 51 
09-48-05.469000,S 1 	RSSI: 75
09-48-05.472000,[R]: 51 
09-48-05.477000,S 1 	RSSI: 75
09-48-05.480000,[R]: 51 
09-48-05.485000,S 1 	RSSI: 75
09-48-05.490000,S 1 	RSSI: 75
09-48-05.493000,[R]: 51 
09-48-05.498000,S 1 	RSSI: 75
09-48-05.501000,[R]: 51 
09-48-05.506000,S 1 	RSSI: 75
09-48-05.509000,[R]: 51 
09-48-05.515000,S 1 	RSSI: 75
09-48-05.518000,[R]: 51 
09-48-05.523000,S 1 	RSSI: 75
09-48-05.526000,[R]: 51 
09-48-05.531000,S 1 	RSSI: 75
09-48-05.534000,[R]: 51 
09-48-05.540000,S 1 	RSSI: 75
09-48-05.542000,[R]: 51 
09-48-05.551000,[R]: 51 
09-48-05.556000,S 1 	RSSI: 74
09-48-05.560000,S 1 	RSSI: 75
09-48-05.563000,[R]: 51 
09-48-05.568000,S 1 	RSSI: 75
09-48-05.571000,[R]: 51 
09-48-05.579000,[R]: 51 
09-48-05.585000,S 1 	RSSI: 75
09-48-05.587000,[R]: 51 
09-48-05.593000,S 1 	RSSI: 75
09-48-05.596000,[R]: 51 
09-48-05.601000,S 1 	RSSI: 75
09-48-05.604000,[R]: 51 
09-48-05.612000,[R]: 51 
09-48-05.618000,S 1 	RSSI: 75
09-48-05.620000,[R]: 51 
09-48-05.626000,S 1 	RSSI: 75
09-48-05.630000,S 1 	RSSI: 75
09-48-05.633000,[R]: 51 
09-48-05.638000,S 1 	RSSI: 75
09-48-05.641000,[R]: 51 
09-48-05.646000,S 1 	RSSI: 74
09-48-05.649000,[R]: 51 
09-48-05.655000,S 1 	RSSI: 74
09-48-05.657000,[R]: 51 
09-48-05.664000,S 1 	RSSI: 74
09-48-05.667000,[R]: 51 
09-48-05.675000,[R]: 51 
09-48-05.679000,S 1 	RSSI: 74
09-48-05.683000,[R]: 51 
09-48-05.688000,S 1 	RSSI: 73
09-48-05.691000,[R]: 51 
09-48-05.697000,S 1 	RSSI: 73
09-48-05.700000,S 1 	RSSI: 73
09-48-05.703000,[R]: 51 
09-48-05.708000,S 1 	RSSI: 73
09-48-05.711000,[R]: 51 
09-48-05.720000,[R]: 51 
09-48-05.725000,S 1 	RSSI: 73
09-48-05.727000,[R]: 51 
09-48-05.734000,S 1 	RSSI: 72
09-48-05.736000,[R]: 51 
09-48-05.741000,S 1 	RSSI: 72
09-48-05.744000,[R]: 51 
09-48-05.750000,S 1 	RSSI: 72
09-48-05.753000,[R]: 51 
09-48-05.758000,S 1 	RSSI: 73
09-48-05.761000,[R]: 51 
09-48-05.766000,S 1 	RSSI: 72
09-48-05.769000,S 1 	RSSI: 72
09-48-05.773000,[R]: 51 
09-48-05.777000,S 1 	RSSI: 73
09-48-05.780000,[R]: 51 
09-48-05.786000,S 1 	RSSI: 73
09-48-05.788000,[R]: 51 
09-48-05.794000,S 1 	RSSI: 73
09-48-05.796000,[R]: 51 
09-48-05.802000,S 1 	RSSI: 73
09-48-05.805000,[R]: 51 
09-48-05.810000,S 1 	RSSI: 73
09-48-05.814000,[R]: 51 
09-48-05.819000,S 1 	RSSI: 73
09-48-05.821000,[R]: 51 
09-48-05.827000,S 1 	RSSI: 73
09-48-05.830000,[R]: 51 
09-48-05.835000,S 1 	RSSI: 73
09-48-05.839000,S 1 	RSSI: 73
09-48-05.842000,[R]: 51 
09-48-05.848000,S 1 	RSSI: 74
09-48-05.851000,[R]: 51 
09-48-05.856000,S 1 	RSSI: 73
09-48-05.859000,[R]: 51 
09-48-05.864000,S 1 	RSSI: 73
09-48-05.867000,[R]: 51 
09-48-05.872000,S 1 	RSSI: 73
09-48-05.876000,[R]: 51 
09-48-05.881000,S 1 	RSSI: 73
09-48-05.884000,[R]: 51 
09-48-05.889000,S 1 	RSSI: 73
09-48-05.892000,[R]: 51 
09-48-05.900000,[R]: 51 
09-48-05.906000,S 1 	RSSI: 73
09-48-05.911000,[R]: 51 
09-48-05.911000,S 1 	RSSI: 72
09-48-05.918000,[R]: 51 
09-48-05.919000,S 1 	RSSI: 75
09-48-05.926000,[R]: 51 
09-48-05.926000,S 1 	RSSI: 73
09-48-05.935000,[R]: 51 
09-48-05.936000,S 1 	RSSI: 73
09-48-05.942000,[R]: 51 
09-48-05.943000,S 1 	RSSI: 73
09-48-05.951000,S 1 	RSSI: 73
09-48-05.954000,[R]: 51 
09-48-05.963000,[R]: 51 
09-48-05.968000,S 1 	RSSI: 73
09-48-05.970000,[R]: 51 
09-48-05.977000,S 1 	RSSI: 73
09-48-05.980000,[R]: 51 
09-48-05.980000,S 1 	RSSI: 73
09-48-05.988000,[R]: 51 
09-48-05.988000,S 1 	RSSI: 73
09-48-05.995000,[R]: 51 
09-48-06.004000,[R]: 51 
09-48-06.005000,S 1 	RSSI: 73
09-48-06.013000,[R]: 51 
09-48-06.013000,S 1 	RSSI: 72
09-48-06.021000,S 1 	RSSI: 74
09-48-06.024000,[R]: 51 
09-48-06.029000,S 1 	RSSI: 73
09-48-06.032000,[R]: 51 
09-48-06.037000,S 1 	RSSI: 73
09-48-06.040000,[R]: 51 
09-48-06.046000,S 1 	RSSI: 72
09-48-06.050000,[R]: 51 
09-48-06.051000,S 1 	RSSI: 72
09-48-06.058000,[R]: 51 
09-48-06.058000,S 1 	RSSI: 73
09-48-06.066000,[R]: 51 
09-48-06.067000,S 1 	RSSI: 73
09-48-06.074000,[R]: 51 
09-48-06.075000,S 1 	RSSI: 73
09-48-06.082000,[R]: 51 
09-48-06.083000,S 1 	RSSI: 72
09-48-06.091000,S 1 	RSSI: 72
09-48-06.094000,[R]: 51 
09-48-06.099000,S 1 	RSSI: 73
09-48-06.103000,[R]: 51 
09-48-06.108000,S 1 	RSSI: 72
09-48-06.110000,[R]: 51 
09-48-06.117000,S 1 	RSSI: 73
09-48-06.118000,[R]: 51 
09-48-06.127000,S 1 	RSSI: 72
09-48-06.130000,[R]: 51 
09-48-06.136000,S 1 	RSSI: 73
09-48-06.143000,S 1 	RSSI: 72
09-48-06.160000,S 1 	RSSI: 72
09-48-06.163000,[R]: 51 
09-48-06.169000,S 1 	RSSI: 73
09-48-06.172000,[R]: 51 
09-48-06.185000,[R]: 51 
09-48-06.186000,S 1 	RSSI: 72
09-48-06.190000,S 1 	RSSI: 73
09-48-06.192000,[R]: 51 
09-48-06.200000,[R]: 51 
09-48-06.206000,S 1 	RSSI: 73
09-48-06.210000,S 1 	RSSI: 73
09-48-06.212000,[R]: 51 
09-48-06.218000,S 1 	RSSI: 73
09-48-06.220000,[R]: 51 
09-48-06.226000,S 1 	RSSI: 75
09-48-06.229000,[R]: 51 
09-48-06.234000,S 1 	RSSI: 73
09-48-06.237000,[R]: 51 
09-48-06.242000,S 1 	RSSI: 73
09-48-06.246000,[R]: 51 
09-48-06.252000,S 1 	RSSI: 73
09-48-06.254000,[R]: 51 
09-48-06.259000,S 1 	RSSI: 73
09-48-06.262000,[R]: 51 
09-48-06.268000,S 1 	RSSI: 74
09-48-06.270000,[R]: 51 
09-48-06.276000,S 1 	RSSI: 73
09-48-06.280000,S 1 	RSSI: 73
09-48-06.283000,[R]: 51 
09-48-06.288000,S 1 	RSSI: 73
09-48-06.291000,[R]: 51 
09-48-06.296000,S 1 	RSSI: 72
09-48-06.299000,[R]: 51 
09-48-06.304000,S 1 	RSSI: 73
09-48-06.307000,[R]: 51 
09-48-06.313000,S 1 	RSSI: 72
09-48-06.316000,[R]: 51 
09-48-06.322000,S 1 	RSSI: 73
09-48-06.324000,[R]: 51 
09-48-06.330000,S 1 	RSSI: 75
09-48-06.332000,[R]: 51 
09-48-06.337000,S 1 	RSSI: 73
09-48-06.340000,[R]: 51 
09-48-06.346000,S 1 	RSSI: 73
09-48-06.350000,S 1 	RSSI: 73
09-48-06.353000,[R]: 51 
09-48-06.358000,S 1 	RSSI: 73
09-48-06.362000,[R]: 51 
09-48-06.366000,S 1 	RSSI: 74
09-48-06.369000,[R]: 51 
09-48-06.376000,S 1 	RSSI: 73
09-48-06.377000,[R]: 51 
09-48-06.384000,S 1 	RSSI: 73
09-48-06.390000,[R]: 51 
09-48-06.395000,[R]: 51 
09-48-06.401000,S 1 	RSSI: 73
09-48-06.403000,[R]: 51 
09-48-06.407000,S 1 	RSSI: 73
09-48-06.411000,[R]: 51 
09-48-06.416000,S 1 	RSSI: 73
09-48-06.420000,S 1 	RSSI: 73
09-48-06.423000,[R]: 51 
09-48-06.428000,S 1 	RSSI: 73
09-48-06.431000,[R]: 51 
09-48-06.436000,S 1 	RSSI: 73
09-48-06.440000,[R]: 51 
09-48-06.445000,S 1 	RSSI: 73
09-48-06.447000,[R]: 51 
09-48-06.453000,S 1 	RSSI: 73
09-48-06.456000,[R]: 51 
09-48-06.461000,S 1 	RSSI: 73
09-48-06.464000,[R]: 51 
09-48-06.469000,S 1 	RSSI: 73
09-48-06.472000,[R]: 51 
09-48-06.478000,S 1 	RSSI: 73
09-48-06.480000,[R]: 51 
09-48-06.486000,S 1 	RSSI: 73
09-48-06.490000,S 1 	RSSI: 73
09-48-06.493000,[R]: 51 
09-48-06.500000,[R]: 51 
09-48-06.508000,[R]: 51 
09-48-06.514000,S 1 	RSSI: 73
09-48-06.516000,[R]: 51 
09-48-06.522000,S 1 	RSSI: 73
09-48-06.525000,[R]: 51 
09-48-06.530000,S 1 	RSSI: 73
09-48-06.533000,[R]: 51 
09-48-06.539000,S 1 	RSSI: 73
09-48-06.542000,[R]: 51 
09-48-06.547000,S 1 	RSSI: 73
09-48-06.550000,[R]: 51 
09-48-06.559000,S 1 	RSSI: 73
09-48-06.562000,[R]: 51 
09-48-06.567000,S 1 	RSSI: 73
09-48-06.570000,[R]: 51 
09-48-06.575000,S 1 	RSSI: 73
09-48-06.578000,[R]: 51 
09-48-06.586000,S 1 	RSSI: 73
09-48-06.587000,[R]: 51 
09-48-06.592000,S 1 	RSSI: 72
09-48-06.595000,[R]: 51 
09-48-06.601000,S 1 	RSSI: 73
09-48-06.604000,[R]: 51 
09-48-06.609000,S 1 	RSSI: 74
09-48-06.611000,[R]: 51 
09-48-06.618000,S 1 	RSSI: 73
09-48-06.620000,[R]: 51 
09-48-06.626000,S 1 	RSSI: 73
09-48-06.631000,S 1 	RSSI: 73
09-48-06.632000,[R]: 51 
09-48-06.639000,S 1 	RSSI: 73
09-48-06.641000,[R]: 51 
09-48-06.646000,S 1 	RSSI: 73
09-48-06.649000,[R]: 51 
09-48-06.654000,S 1 	RSSI: 73
09-48-06.657000,[R]: 51 
09-48-06.662000,S 1 	RSSI: 73
09-48-06.665000,[R]: 51 
09-48-06.671000,S 1 	RSSI: 73
09-48-06.674000,[R]: 51 
09-48-06.679000,S 1 	RSSI: 73
09-48-06.682000,[R]: 51 
09-48-06.687000,S 1 	RSSI: 74
09-48-06.690000,[R]: 51 
09-48-06.695000,S 1 	RSSI: 74
09-48-06.699000,S 1 	RSSI: 73
09-48-06.702000,[R]: 51 
09-48-06.708000,S 1 	RSSI: 73
09-48-06.711000,[R]: 51 
09-48-06.719000,[R]: 51 
09-48-06.724000,S 1 	RSSI: 73
09-48-06.727000,[R]: 51 
09-48-06.732000,S 1 	RSSI: 73
09-48-06.735000,[R]: 51 
09-48-06.741000,S 1 	RSSI: 73
09-48-06.743000,[R]: 51 
09-48-06.749000,S 1 	RSSI: 74
09-48-06.752000,[R]: 51 
09-48-06.757000,S 1 	RSSI: 74
09-48-06.760000,[R]: 51 
09-48-06.765000,S 1 	RSSI: 73
09-48-06.770000,S 1 	RSSI: 73
09-48-06.772000,[R]: 51 
09-48-06.778000,S 1 	RSSI: 73
09-48-06.781000,[R]: 51 
09-48-06.786000,S 1 	RSSI: 73
09-48-06.789000,[R]: 51 
09-48-06.794000,S 1 	RSSI: 74
09-48-06.797000,[R]: 51 
09-48-06.802000,S 1 	RSSI: 73
09-48-06.805000,[R]: 51 
09-48-06.811000,S 1 	RSSI: 74
09-48-06.813000,[R]: 51 
09-48-06.820000,S 1 	RSSI: 73
09-48-06.823000,[R]: 51 
09-48-06.827000,S 1 	RSSI: 73
09-48-06.830000,[R]: 51 
09-48-06.837000,S 1 	RSSI: 74
09-48-06.840000,S 1 	RSSI: 75
09-48-06.842000,[R]: 51 
09-48-06.850000,S 1 	RSSI: 73
09-48-06.851000,[R]: 51 
09-48-06.857000,S 1 	RSSI: 73
09-48-06.859000,[R]: 51 
09-48-06.865000,S 1 	RSSI: 74
09-48-06.867000,[R]: 51 
09-48-06.873000,S 1 	RSSI: 73
09-48-06.874000,[R]: 51 
09-48-06.881000,S 1 	RSSI: 73
09-48-06.883000,[R]: 51 
09-48-06.888000,S 1 	RSSI: 74
09-48-06.891000,[R]: 51 
09-48-06.896000,S 1 	RSSI: 73
09-48-06.899000,[R]: 51 
09-48-06.905000,S 1 	RSSI: 74
09-48-06.909000,[R]: 51 
09-48-06.910000,S 1 	RSSI: 73
09-48-06.917000,[R]: 51 
09-48-06.918000,S 1 	RSSI: 73
09-48-06.924000,[R]: 51 
09-48-06.934000,[R]: 51 
09-48-06.934000,S 1 	RSSI: 73
09-48-06.942000,[R]: 51 
09-48-06.942000,S 1 	RSSI: 75
09-48-06.950000,S 1 	RSSI: 73
09-48-06.953000,[R]: 51 
09-48-06.958000,S 1 	RSSI: 74
09-48-06.961000,[R]: 51 
09-48-06.967000,S 1 	RSSI: 73
09-48-06.970000,[R]: 51 
09-48-06.980000,[R]: 51 
09-48-06.980000,S 1 	RSSI: 73
09-48-06.987000,[R]: 51 
09-48-06.988000,S 1 	RSSI: 73
09-48-06.996000,[R]: 51 
09-48-06.996000,S 1 	RSSI: 73
09-48-07.004000,[R]: 51 
09-48-07.005000,S 1 	RSSI: 73
09-48-07.012000,[R]: 51 
09-48-07.013000,S 1 	RSSI: 74
09-48-07.021000,[R]: 51 
09-48-07.022000,S 1 	RSSI: 73
09-48-07.029000,[R]: 51 
09-48-07.035000,S 1 	RSSI: 73
09-48-07.038000,[R]: 51 
09-48-07.038000,S 1 	RSSI: 73
09-48-07.045000,[R]: 51 
09-48-07.045000,S 1 	RSSI: 75
09-48-07.050000,S 1 	RSSI: 73
09-48-07.052000,[R]: 51 
09-48-07.058000,S 1 	RSSI: 73
09-48-07.060000,[R]: 51 
09-48-07.066000,S 1 	RSSI: 73
09-48-07.069000,[R]: 51 
09-48-07.074000,S 1 	RSSI: 73
09-48-07.077000,[R]: 51 
09-48-07.082000,S 1 	RSSI: 73
09-48-07.085000,[R]: 51 
09-48-07.090000,S 1 	RSSI: 73
09-48-07.093000,[R]: 51 
09-48-07.098000,S 1 	RSSI: 74
09-48-07.101000,[R]: 51 
09-48-07.107000,S 1 	RSSI: 73
09-48-07.110000,[R]: 51 
09-48-07.115000,S 1 	RSSI: 73
09-48-07.119000,[R]: 51 
09-48-07.120000,S 1 	RSSI: 75
09-48-07.127000,[R]: 51 
09-48-07.128000,S 1 	RSSI: 73
09-48-07.136000,[R]: 51 
09-48-07.137000,S 1 	RSSI: 73
09-48-07.144000,[R]: 51 
09-48-07.145000,S 1 	RSSI: 73
09-48-07.152000,[R]: 51 
09-48-07.153000,S 1 	RSSI: 74
09-48-07.160000,S 1 	RSSI: 73
09-48-07.168000,[R]: 51 
09-48-07.171000,[R]: 51 
09-48-07.185000,[R]: 51 
09-48-07.186000,S 1 	RSSI: 73
09-48-07.190000,S 1 	RSSI: 73
09-48-07.192000,[R]: 51 
09-48-07.198000,S 1 	RSSI: 73
09-48-07.201000,[R]: 51 
09-48-07.207000,S 1 	RSSI: 73
09-48-07.210000,S 1 	RSSI: 73
09-48-07.214000,[R]: 51 
09-48-07.219000,S 1 	RSSI: 73
09-48-07.221000,[R]: 51 
09-48-07.228000,S 1 	RSSI: 72
09-48-07.230000,[R]: 51 
09-48-07.236000,S 1 	RSSI: 74
09-48-07.239000,[R]: 51 
09-48-07.242000,S 1 	RSSI: 74
09-48-07.247000,[R]: 51 
09-48-07.251000,S 1 	RSSI: 74
09-48-07.254000,[R]: 51 
09-48-07.258000,S 1 	RSSI: 74
09-48-07.262000,[R]: 51 
09-48-07.267000,S 1 	RSSI: 73
09-48-07.270000,[R]: 51 
09-48-07.275000,S 1 	RSSI: 73
09-48-07.279000,S 1 	RSSI: 73
09-48-07.282000,[R]: 51 
09-48-07.288000,S 1 	RSSI: 73
09-48-07.291000,[R]: 51 
09-48-07.296000,S 1 	RSSI: 73
09-48-07.304000,[R]: 51 
09-48-07.305000,S 1 	RSSI: 73
09-48-07.307000,[R]: 51 
09-48-07.312000,S 1 	RSSI: 73
09-48-07.315000,[R]: 51 
09-48-07.323000,[R]: 51 
09-48-07.329000,S 1 	RSSI: 73
09-48-07.331000,[R]: 51 
09-48-07.337000,S 1 	RSSI: 73
09-48-07.340000,[R]: 51 
09-48-07.346000,S 1 	RSSI: 73
09-48-07.350000,[R]: 51 
09-48-07.350000,S 1 	RSSI: 73
09-48-07.358000,[R]: 51 
09-48-07.358000,S 1 	RSSI: 74
09-48-07.366000,[R]: 51 
09-48-07.366000,S 1 	RSSI: 73
09-48-07.374000,[R]: 51 
09-48-07.374000,S 1 	RSSI: 73
09-48-07.383000,[R]: 51 
09-48-07.383000,S 1 	RSSI: 73
09-48-07.391000,[R]: 51 
09-48-07.393000,S 1 	RSSI: 73
09-48-07.399000,[R]: 51 
09-48-07.399000,S 1 	RSSI: 73
09-48-07.407000,[R]: 51 
09-48-07.408000,S 1 	RSSI: 73
09-48-07.415000,[R]: 51 
09-48-07.416000,S 1 	RSSI: 73
09-48-07.421000,S 1 	RSSI: 73
09-48-07.423000,[R]: 51 
09-48-07.428000,S 1 	RSSI: 74
09-48-07.431000,[R]: 51 
09-48-07.440000,[R]: 51 
09-48-07.444000,S 1 	RSSI: 73
09-48-07.447000,[R]: 51 
09-48-07.453000,S 1 	RSSI: 73
09-48-07.455000,[R]: 51 
09-48-07.461000,S 1 	RSSI: 73
09-48-07.465000,[R]: 51 
09-48-07.469000,S 1 	RSSI: 74
09-48-07.473000,[R]: 51 
09-48-07.478000,S 1 	RSSI: 74
09-48-07.481000,[R]: 51 
09-48-07.486000,S 1 	RSSI: 73
09-48-07.490000,[R]: 51 
09-48-07.490000,S 1 	RSSI: 73
09-48-07.498000,[R]: 51 
09-48-07.498000,S 1 	RSSI: 73
09-48-07.506000,[R]: 51 
09-48-07.507000,S 1 	RSSI: 73
09-48-07.514000,[R]: 51 
09-48-07.515000,S 1 	RSSI: 73
09-48-07.523000,[R]: 51 
09-48-07.524000,S 1 	RSSI: 73
09-48-07.531000,[R]: 51 
09-48-07.532000,S 1 	RSSI: 75
09-48-07.539000,[R]: 51 
09-48-07.540000,S 1 	RSSI: 74
09-48-07.547000,[R]: 51 
09-48-07.549000,S 1 	RSSI: 73
09-48-07.554000,[R]: 51 
09-48-07.568000,S 1 	RSSI: 74
09-48-07.611000,[R]: 51 
09-48-07.612000,S 1 	RSSI: 73
09-48-07.615000,[R]: 51 
09-48-07.616000,S 1 	RSSI: 73
09-48-07.616000,[R]: 51 
09-48-07.616000,S 1 	RSSI: 73
09-48-07.617000,[R]: 51 
09-48-07.617000,S 1 	RSSI: 73
09-48-07.617000,[R]: 51 
09-48-07.619000,S 1 	RSSI: 73
09-48-07.620000,[R]: 51 
09-48-07.621000,S 1 	RSSI: 73
09-48-07.621000,[R]: 51 
09-48-07.621000,S 1 	RSSI: 74
09-48-07.622000,[R]: 51 
09-48-07.625000,S 1 	RSSI: 73
09-48-07.629000,S 1 	RSSI: 73
09-48-07.633000,[R]: 51 
09-48-07.638000,S 1 	RSSI: 73
09-48-07.641000,[R]: 51 
09-48-07.646000,S 1 	RSSI: 73
09-48-07.649000,[R]: 51 
09-48-07.657000,[R]: 51 
09-48-07.663000,S 1 	RSSI: 72
09-48-07.666000,[R]: 51 
09-48-07.671000,S 1 	RSSI: 73
09-48-07.673000,[R]: 51 
09-48-07.679000,S 1 	RSSI: 73
09-48-07.683000,[R]: 51 
09-48-07.688000,S 1 	RSSI: 73
09-48-07.690000,[R]: 51 
09-48-07.696000,S 1 	RSSI: 73
09-48-07.700000,S 1 	RSSI: 73
09-48-07.702000,[R]: 51 
09-48-07.708000,S 1 	RSSI: 73
09-48-07.711000,[R]: 51 
09-48-07.716000,S 1 	RSSI: 73
09-48-07.719000,[R]: 51 
09-48-07.724000,S 1 	RSSI: 73
09-48-07.727000,[R]: 51 
09-48-07.732000,S 1 	RSSI: 73
09-48-07.735000,[R]: 51 
09-48-07.741000,S 1 	RSSI: 73
09-48-07.743000,[R]: 51 
09-48-07.749000,S 1 	RSSI: 73
09-48-07.752000,[R]: 51 
09-48-07.757000,S 1 	RSSI: 73
09-48-07.760000,[R]: 51 
09-48-07.765000,S 1 	RSSI: 73
09-48-07.769000,[R]: 51 
09-48-07.770000,S 1 	RSSI: 73
09-48-07.777000,[R]: 51 
09-48-07.778000,S 1 	RSSI: 73
09-48-07.786000,[R]: 51 
09-48-07.786000,S 1 	RSSI: 73
09-48-07.793000,[R]: 51 
09-48-07.802000,[R]: 51 
09-48-07.803000,S 1 	RSSI: 73
09-48-07.810000,S 1 	RSSI: 72
09-48-07.813000,[R]: 51 
09-48-07.819000,S 1 	RSSI: 72
09-48-07.822000,[R]: 51 
09-48-07.827000,S 1 	RSSI: 73
09-48-07.830000,[R]: 51 
09-48-07.839000,S 1 	RSSI: 73
09-48-07.842000,[R]: 51 
09-48-07.847000,S 1 	RSSI: 73
09-48-07.850000,[R]: 51 
09-48-07.857000,S 1 	RSSI: 73
09-48-07.859000,[R]: 51 
09-48-07.864000,S 1 	RSSI: 75
09-48-07.868000,[R]: 51 
09-48-07.873000,S 1 	RSSI: 73
09-48-07.875000,[R]: 51 
09-48-07.882000,S 1 	RSSI: 73
09-48-07.884000,[R]: 51 
09-48-07.890000,S 1 	RSSI: 72
09-48-07.892000,[R]: 51 
09-48-07.900000,[R]: 51 
09-48-07.906000,S 1 	RSSI: 73
09-48-07.909000,[R]: 51 
09-48-07.910000,S 1 	RSSI: 72
09-48-07.918000,[R]: 51 
09-48-07.919000,S 1 	RSSI: 73
09-48-07.926000,[R]: 51 
09-48-07.927000,S 1 	RSSI: 72
09-48-07.935000,[R]: 51 
09-48-07.936000,S 1 	RSSI: 73
09-48-07.942000,[R]: 51 
09-48-07.943000,S 1 	RSSI: 72
09-48-07.952000,S 1 	RSSI: 73
09-48-07.954000,[R]: 51 
09-48-07.959000,S 1 	RSSI: 72
09-48-07.962000,[R]: 51 
09-48-07.967000,S 1 	RSSI: 74
09-48-07.974000,[R]: 51 
09-48-07.975000,S 1 	RSSI: 72
09-48-07.980000,S 1 	RSSI: 72
09-48-07.982000,[R]: 51 
09-48-07.988000,S 1 	RSSI: 73
09-48-07.990000,[R]: 51 
09-48-07.995000,S 1 	RSSI: 72
09-48-07.998000,[R]: 51 
09-48-08.003000,S 1 	RSSI: 72
09-48-08.006000,[R]: 51 
09-48-08.014000,[R]: 51 
09-48-08.020000,S 1 	RSSI: 72
09-48-08.023000,[R]: 51 
09-48-08.028000,S 1 	RSSI: 73
09-48-08.031000,[R]: 51 
09-48-08.036000,S 1 	RSSI: 73
09-48-08.039000,[R]: 51 
09-48-08.045000,S 1 	RSSI: 72
09-48-08.049000,[R]: 51 
09-48-08.050000,S 1 	RSSI: 72
09-48-08.057000,[R]: 51 
09-48-08.057000,S 1 	RSSI: 73
09-48-08.065000,[R]: 51 
09-48-08.066000,S 1 	RSSI: 72
09-48-08.074000,[R]: 51 
09-48-08.075000,S 1 	RSSI: 73
09-48-08.082000,[R]: 51 
09-48-08.082000,S 1 	RSSI: 73
09-48-08.090000,S 1 	RSSI: 72
09-48-08.093000,[R]: 51 
09-48-08.101000,[R]: 51 
09-48-08.107000,S 1 	RSSI: 72
09-48-08.110000,[R]: 51 
09-48-08.116000,S 1 	RSSI: 72
09-48-08.119000,[R]: 51 
09-48-08.120000,S 1 	RSSI: 72
09-48-08.126000,[R]: 51 
09-48-08.136000,[R]: 51 
09-48-08.137000,S 1 	RSSI: 72
09-48-08.142000,[R]: 51 
