22-57-06.503000,----------------------------
22-57-07.617000,[R]: 0 
22-57-07.631000,[R]: 50 
22-57-07.669000,[R]: 0 
22-57-07.682000,[R]: 50 
22-57-07.722000,[R]: 0 
22-57-07.735000,[R]: 50 
22-57-07.993000,[R]: 50 
22-57-08.250000,[R]: 50 
22-57-08.506000,[R]: 50 
22-57-08.763000,[R]: 50 
22-57-09.021000,[R]: 50 
22-57-09.035000,[R]: 0 
22-57-09.050000,[R]: 50 
22-57-09.088000,[R]: 0 
22-57-09.097000,[R]: 50 
22-57-09.101000,[R]: 0 
22-57-09.102000,[R]: 50 
22-57-09.102000,[R]: 0 
22-57-09.107000,[R]: 50 
22-57-09.128000,[R]: 50 
22-57-09.136000,[R]: 0 
22-57-09.152000,[R]: 50 
22-57-09.155000,[R]: 0 
22-57-09.165000,[R]: 50 
22-57-09.174000,[R]: 0 
22-57-09.185000,[R]: 50 
22-57-09.194000,[R]: 0 
22-57-09.205000,[R]: 50 
22-57-09.215000,[R]: 0 
22-57-09.225000,[R]: 50 
22-57-09.235000,[R]: 0 
22-57-09.245000,[R]: 50 
22-57-09.258000,[R]: 0 
22-57-09.267000,[R]: 50 
22-57-09.276000,[R]: 0 
22-57-09.277000,[R]: 0 
22-57-09.286000,[R]: 50 
22-57-09.292000,[R]: 0 
22-57-09.296000,[R]: 0 
22-57-09.305000,[R]: 50 
22-57-09.308000,[R]: 0 
22-57-09.315000,[R]: 0 
22-57-09.319000,S 1 	RSSI: 52
22-57-09.325000,[R]: 50 
22-57-09.343000,[R]: 0 
22-57-09.343000,S 1 	RSSI: 53
22-57-09.344000,[R]: 0 
22-57-09.347000,[R]: 50 
22-57-09.352000,[R]: 0 
22-57-09.355000,[R]: 0 
22-57-09.366000,[R]: 50 
22-57-09.386000,[R]: 0 
22-57-09.387000,[R]: 0 
22-57-09.403000,[R]: 50 
22-57-09.436000,[R]: 0 
22-57-09.437000,[R]: 0 
22-57-09.437000,S 1 	RSSI: 55
22-57-09.438000,[R]: 50 
22-57-09.438000,[R]: 0 
22-57-09.446000,S 1 	RSSI: 55
22-57-09.447000,[R]: 0 
22-57-09.447000,[R]: 50 
22-57-09.448000,[R]: 0 
22-57-09.461000,[R]: 0 
22-57-09.461000,[R]: 50 
22-57-09.462000,[R]: 0 
22-57-09.462000,[R]: 0 
22-57-09.483000,S 1 	RSSI: 55
22-57-09.483000,[R]: 50 
22-57-09.505000,[R]: 0 
22-57-09.691000,S 1 	RSSI: 55
22-57-09.692000,[R]: 0 
22-57-09.692000,[R]: 50 
22-57-09.693000,[R]: 0 
22-57-09.693000,[R]: 0 
22-57-09.694000,[R]: 50 
22-57-09.694000,[R]: 0 
22-57-09.694000,[R]: 0 
22-57-09.695000,[R]: 50 
22-57-09.695000,[R]: 0 
22-57-09.730000,[R]: 0 
22-57-09.730000,S 1 	RSSI: 53
22-57-09.731000,[R]: 50 
22-57-09.734000,[R]: 0 
22-57-09.734000,S 1 	RSSI: 53
22-57-09.735000,[R]: 0 
22-57-09.735000,[R]: 50 
22-57-09.735000,[R]: 0 
22-57-09.737000,[R]: 0 
22-57-09.737000,[R]: 50 
22-57-09.738000,[R]: 0 
22-57-09.738000,[R]: 0 
22-57-09.738000,S 1 	RSSI: 53
22-57-09.739000,[R]: 50 
22-57-09.739000,[R]: 0 
22-57-09.740000,S 1 	RSSI: 52
22-57-09.740000,[R]: 0 
22-57-09.740000,[R]: 50 
22-57-09.744000,[R]: 0 
22-57-09.744000,[R]: 0 
22-57-09.754000,[R]: 50 
22-57-09.772000,[R]: 0 
22-57-09.773000,[R]: 0 
22-57-09.773000,[R]: 50 
22-57-09.774000,[R]: 0 
22-57-09.774000,[R]: 0 
22-57-09.775000,S 1 	RSSI: 53
22-57-09.775000,[R]: 50 
22-57-09.776000,[R]: 0 
22-57-09.777000,S 1 	RSSI: 53
22-57-09.794000,[R]: 0 
22-57-09.795000,[R]: 50 
22-57-09.795000,[R]: 0 
22-57-09.805000,[R]: 0 
22-57-09.805000,[R]: 50 
22-57-09.807000,[R]: 0 
22-57-09.808000,[R]: 0 
22-57-09.809000,[R]: 50 
22-57-09.809000,[R]: 0 
22-57-09.819000,[R]: 0 
22-57-09.819000,S 1 	RSSI: 53
22-57-09.820000,[R]: 50 
22-57-09.821000,[R]: 0 
22-57-09.821000,S 1 	RSSI: 53
22-57-09.822000,[R]: 0 
22-57-09.822000,[R]: 50 
22-57-09.833000,[R]: 0 
22-57-09.833000,[R]: 0 
22-57-09.834000,[R]: 50 
22-57-09.834000,[R]: 0 
22-57-09.835000,[R]: 0 
22-57-09.835000,S 1 	RSSI: 53
22-57-09.839000,[R]: 50 
22-57-09.839000,[R]: 0 
22-57-09.840000,S 1 	RSSI: 53
22-57-09.840000,[R]: 0 
22-57-09.846000,[R]: 50 
22-57-09.864000,[R]: 0 
22-57-09.864000,[R]: 0 
22-57-09.946000,[R]: 50 
22-57-09.946000,[R]: 0 
22-57-09.947000,[R]: 0 
22-57-09.947000,[R]: 50 
22-57-09.953000,[R]: 0 
22-57-09.978000,[R]: 0 
22-57-09.979000,S 1 	RSSI: 53
22-57-09.980000,[R]: 50 
22-57-09.980000,[R]: 0 
22-57-09.981000,S 1 	RSSI: 53
22-57-09.991000,[R]: 0 
22-57-10.001000,[R]: 50 
22-57-10.038000,[R]: 0 
22-57-10.056000,[R]: 0 
22-57-10.056000,[R]: 50 
22-57-10.057000,[R]: 0 
22-57-10.057000,[R]: 0 
22-57-10.058000,S 1 	RSSI: 53
22-57-10.058000,[R]: 50 
22-57-10.058000,[R]: 0 
22-57-10.059000,S 1 	RSSI: 53
22-57-10.059000,[R]: 0 
22-57-10.060000,[R]: 50 
22-57-10.060000,[R]: 0 
22-57-10.061000,[R]: 0 
22-57-10.061000,[R]: 50 
22-57-10.061000,[R]: 0 
22-57-10.064000,[R]: 0 
22-57-10.067000,S 1 	RSSI: 53
22-57-10.068000,[R]: 50 
22-57-10.069000,[R]: 0 
22-57-10.126000,S 1 	RSSI: 53
22-57-10.139000,[R]: 0 
22-57-10.166000,S 1 	RSSI: 53
22-57-10.167000,[R]: 50 
22-57-10.169000,[R]: 0 
22-57-10.170000,S 1 	RSSI: 53
22-57-10.170000,[R]: 0 
22-57-10.170000,[R]: 50 
22-57-10.171000,[R]: 0 
22-57-10.171000,[R]: 0 
22-57-10.172000,[R]: 50 
22-57-10.172000,[R]: 0 
22-57-10.180000,[R]: 0 
22-57-10.180000,S 1 	RSSI: 53
22-57-10.193000,[R]: 50 
22-57-10.193000,[R]: 0 
22-57-10.197000,S 1 	RSSI: 53
22-57-10.197000,[R]: 0 
22-57-10.200000,[R]: 50 
22-57-10.200000,[R]: 0 
22-57-10.201000,[R]: 0 
22-57-10.201000,[R]: 50 
22-57-10.202000,[R]: 0 
22-57-10.202000,[R]: 0 
22-57-10.203000,[R]: 50 
22-57-10.210000,[R]: 0 
22-57-10.210000,[R]: 0 
22-57-10.211000,S 1 	RSSI: 53
22-57-10.211000,[R]: 50 
22-57-10.212000,[R]: 0 
22-57-10.212000,S 1 	RSSI: 53
22-57-10.213000,[R]: 0 
22-57-10.213000,[R]: 50 
22-57-10.214000,[R]: 0 
22-57-10.221000,[R]: 0 
22-57-10.225000,[R]: 50 
22-57-10.225000,[R]: 0 
22-57-10.235000,[R]: 0 
22-57-10.238000,S 1 	RSSI: 53
22-57-10.245000,[R]: 50 
22-57-10.245000,[R]: 0 
22-57-10.251000,S 1 	RSSI: 53
22-57-10.255000,[R]: 0 
22-57-10.265000,[R]: 50 
22-57-10.270000,[R]: 0 
22-57-10.275000,[R]: 0 
22-57-10.285000,[R]: 50 
22-57-10.286000,[R]: 0 
22-57-10.295000,[R]: 0 
22-57-10.305000,[R]: 50 
22-57-10.306000,[R]: 0 
22-57-10.315000,[R]: 0 
22-57-10.318000,S 1 	RSSI: 53
22-57-10.325000,[R]: 50 
22-57-10.325000,[R]: 0 
22-57-10.332000,S 1 	RSSI: 53
22-57-10.335000,[R]: 0 
22-57-10.345000,[R]: 50 
22-57-10.350000,[R]: 0 
22-57-10.358000,[R]: 50 
22-57-10.365000,[R]: 0 
22-57-10.372000,S 1 	RSSI: 53
22-57-10.378000,[R]: 50 
22-57-10.397000,[R]: 0 
22-57-10.401000,S 1 	RSSI: 53
22-57-10.402000,[R]: 50 
22-57-10.421000,S 1 	RSSI: 53
22-57-10.424000,[R]: 0 
22-57-10.425000,S 1 	RSSI: 53
22-57-10.431000,[R]: 50 
22-57-10.431000,S 1 	RSSI: 53
22-57-10.433000,[R]: 0 
22-57-10.433000,S 1 	RSSI: 53
22-57-10.437000,[R]: 50 
22-57-10.441000,S 1 	RSSI: 53
22-57-10.456000,[R]: 50 
22-57-10.458000,S 1 	RSSI: 53
22-57-10.464000,[R]: 0 
22-57-10.472000,S 1 	RSSI: 53
22-57-10.476000,[R]: 50 
22-57-10.478000,S 1 	RSSI: 53
22-57-10.484000,[R]: 0 
22-57-10.491000,S 1 	RSSI: 54
22-57-10.496000,[R]: 50 
22-57-10.498000,S 1 	RSSI: 53
22-57-10.505000,[R]: 0 
22-57-10.512000,S 1 	RSSI: 53
22-57-10.516000,[R]: 50 
22-57-10.524000,S 1 	RSSI: 53
22-57-10.525000,[R]: 0 
22-57-10.531000,S 1 	RSSI: 53
22-57-10.536000,[R]: 50 
22-57-10.538000,S 1 	RSSI: 53
22-57-10.544000,[R]: 0 
22-57-10.551000,S 1 	RSSI: 53
22-57-10.555000,[R]: 50 
22-57-10.560000,S 1 	RSSI: 53
22-57-10.565000,[R]: 0 
22-57-10.571000,S 1 	RSSI: 53
22-57-10.575000,[R]: 50 
22-57-10.584000,[R]: 0 
22-57-10.591000,S 1 	RSSI: 53
22-57-10.595000,[R]: 50 
22-57-10.605000,[R]: 0 
22-57-10.611000,S 1 	RSSI: 53
22-57-10.615000,[R]: 50 
22-57-10.625000,[R]: 0 
22-57-10.631000,S 1 	RSSI: 53
22-57-10.635000,[R]: 50 
22-57-10.636000,[R]: 0 
22-57-10.648000,[R]: 50 
22-57-10.651000,S 1 	RSSI: 53
22-57-10.655000,[R]: 0 
22-57-10.666000,[R]: 0 
22-57-10.671000,S 1 	RSSI: 53
22-57-10.676000,[R]: 50 
22-57-10.676000,[R]: 0 
22-57-10.686000,[R]: 0 
22-57-10.690000,S 1 	RSSI: 53
22-57-10.695000,[R]: 50 
22-57-10.696000,[R]: 0 
22-57-10.706000,[R]: 0 
22-57-10.710000,S 1 	RSSI: 53
22-57-10.715000,[R]: 50 
22-57-10.715000,[R]: 0 
22-57-10.726000,[R]: 0 
22-57-10.730000,S 1 	RSSI: 53
22-57-10.735000,[R]: 50 
22-57-10.736000,[R]: 0 
22-57-10.746000,[R]: 0 
22-57-10.750000,S 1 	RSSI: 53
22-57-10.755000,[R]: 50 
22-57-10.756000,[R]: 0 
22-57-10.765000,[R]: 0 
22-57-10.770000,S 1 	RSSI: 53
22-57-10.775000,[R]: 50 
22-57-10.776000,[R]: 0 
22-57-10.784000,[R]: 0 
22-57-10.790000,S 1 	RSSI: 53
22-57-10.794000,[R]: 50 
22-57-10.795000,[R]: 0 
22-57-10.805000,[R]: 0 
22-57-10.808000,S 1 	RSSI: 53
22-57-10.815000,[R]: 50 
22-57-10.820000,[R]: 0 
22-57-10.821000,S 1 	RSSI: 53
22-57-10.825000,[R]: 0 
22-57-10.830000,S 1 	RSSI: 53
22-57-10.834000,[R]: 50 
22-57-10.835000,[R]: 0 
22-57-10.841000,S 1 	RSSI: 53
22-57-10.844000,[R]: 0 
22-57-10.848000,S 1 	RSSI: 53
22-57-10.854000,[R]: 50 
22-57-10.855000,[R]: 0 
22-57-10.861000,S 1 	RSSI: 53
22-57-10.864000,[R]: 0 
22-57-10.874000,[R]: 50 
22-57-10.878000,[R]: 0 
22-57-10.885000,[R]: 0 
22-57-10.895000,[R]: 50 
22-57-10.895000,[R]: 0 
22-57-10.905000,[R]: 0 
22-57-10.908000,S 1 	RSSI: 53
22-57-10.915000,[R]: 50 
22-57-10.917000,[R]: 0 
22-57-10.921000,S 1 	RSSI: 53
22-57-10.924000,[R]: 0 
22-57-10.935000,[R]: 50 
22-57-10.937000,[R]: 0 
22-57-10.945000,[R]: 0 
22-57-10.955000,[R]: 50 
22-57-10.958000,[R]: 0 
22-57-10.965000,[R]: 0 
22-57-10.975000,[R]: 50 
22-57-10.976000,[R]: 0 
22-57-10.985000,[R]: 0 
22-57-10.988000,S 1 	RSSI: 53
22-57-10.995000,[R]: 50 
22-57-10.995000,[R]: 0 
22-57-11.002000,S 1 	RSSI: 53
22-57-11.005000,[R]: 0 
22-57-11.015000,[R]: 50 
22-57-11.021000,[R]: 0 
22-57-11.025000,[R]: 0 
22-57-11.035000,[R]: 50 
22-57-11.035000,[R]: 0 
22-57-11.045000,[R]: 0 
22-57-11.048000,S 1 	RSSI: 53
22-57-11.055000,[R]: 50 
22-57-11.055000,[R]: 0 
22-57-11.062000,S 1 	RSSI: 53
22-57-11.066000,[R]: 0 
22-57-11.069000,S 1 	RSSI: 53
22-57-11.075000,[R]: 50 
22-57-11.076000,[R]: 0 
22-57-11.082000,S 1 	RSSI: 53
22-57-11.085000,[R]: 0 
22-57-11.095000,[R]: 50 
22-57-11.099000,[R]: 0 
22-57-11.106000,[R]: 0 
22-57-11.115000,[R]: 50 
22-57-11.120000,[R]: 0 
22-57-11.126000,[R]: 0 
22-57-11.129000,S 1 	RSSI: 53
22-57-11.135000,[R]: 50 
22-57-11.137000,[R]: 0 
22-57-11.142000,S 1 	RSSI: 53
22-57-11.146000,[R]: 0 
22-57-11.154000,[R]: 50 
22-57-11.155000,[R]: 0 
22-57-11.164000,[R]: 0 
22-57-11.174000,[R]: 50 
22-57-11.175000,[R]: 0 
22-57-11.184000,[R]: 0 
22-57-11.188000,S 1 	RSSI: 53
22-57-11.194000,[R]: 50 
22-57-11.205000,[R]: 0 
22-57-11.208000,S 1 	RSSI: 53
22-57-11.214000,[R]: 50 
22-57-11.215000,[R]: 0 
22-57-11.221000,S 1 	RSSI: 53
22-57-11.225000,[R]: 0 
22-57-11.234000,[R]: 50 
22-57-11.235000,[R]: 0 
22-57-11.245000,[R]: 0 
22-57-11.254000,[R]: 50 
22-57-11.255000,[R]: 0 
22-57-11.268000,[R]: 50 
22-57-11.274000,[R]: 0 
22-57-11.287000,[R]: 50 
22-57-11.294000,[R]: 0 
22-57-11.307000,[R]: 50 
22-57-11.314000,[R]: 0 
22-57-11.327000,[R]: 50 
22-57-11.334000,[R]: 0 
22-57-11.347000,[R]: 50 
22-57-11.354000,[R]: 0 
22-57-11.366000,[R]: 50 
22-57-11.374000,[R]: 0 
22-57-11.386000,[R]: 50 
22-57-11.394000,[R]: 0 
22-57-11.407000,[R]: 50 
22-57-11.415000,[R]: 0 
22-57-11.426000,[R]: 50 
22-57-11.434000,[R]: 0 
22-57-11.446000,[R]: 50 
22-57-11.456000,[R]: 0 
22-57-11.466000,[R]: 50 
22-57-11.475000,[R]: 0 
22-57-11.486000,[R]: 50 
22-57-11.495000,[R]: 0 
22-57-11.505000,[R]: 50 
22-57-11.516000,[R]: 0 
22-57-11.524000,[R]: 50 
22-57-11.535000,[R]: 0 
22-57-11.544000,[R]: 50 
22-57-11.545000,[R]: 0 
22-57-11.555000,[R]: 0 
22-57-11.564000,[R]: 50 
22-57-11.567000,[R]: 0 
22-57-11.575000,[R]: 0 
22-57-11.578000,S 1 	RSSI: 54
22-57-11.585000,[R]: 50 
22-57-11.588000,[R]: 0 
22-57-11.591000,S 1 	RSSI: 53
22-57-11.595000,[R]: 0 
22-57-11.598000,S 1 	RSSI: 53
22-57-11.604000,[R]: 50 
22-57-11.605000,[R]: 0 
22-57-11.611000,S 1 	RSSI: 53
22-57-11.615000,[R]: 0 
22-57-11.624000,[R]: 50 
22-57-11.627000,[R]: 0 
22-57-11.635000,[R]: 0 
22-57-11.644000,[R]: 50 
22-57-11.645000,[R]: 0 
22-57-11.655000,[R]: 0 
22-57-11.658000,S 1 	RSSI: 53
22-57-11.665000,[R]: 50 
22-57-11.666000,[R]: 0 
22-57-11.671000,S 1 	RSSI: 53
22-57-11.676000,[R]: 0 
22-57-11.685000,[R]: 50 
22-57-11.687000,[R]: 0 
22-57-11.695000,[R]: 0 
22-57-11.705000,[R]: 50 
22-57-11.708000,[R]: 0 
22-57-11.715000,[R]: 0 
22-57-11.718000,S 1 	RSSI: 53
22-57-11.725000,[R]: 50 
22-57-11.725000,[R]: 0 
22-57-11.731000,S 1 	RSSI: 53
22-57-11.735000,[R]: 0 
22-57-11.738000,S 1 	RSSI: 53
22-57-11.745000,[R]: 50 
22-57-11.746000,[R]: 0 
22-57-11.751000,S 1 	RSSI: 53
22-57-11.756000,[R]: 0 
22-57-11.765000,[R]: 50 
22-57-11.766000,[R]: 0 
22-57-11.775000,[R]: 0 
22-57-11.785000,[R]: 50 
22-57-11.786000,[R]: 0 
22-57-11.795000,[R]: 0 
22-57-11.798000,S 1 	RSSI: 53
22-57-11.808000,[R]: 50 
22-57-11.809000,[R]: 0 
22-57-11.812000,S 1 	RSSI: 53
22-57-11.816000,[R]: 0 
22-57-11.825000,[R]: 50 
22-57-11.826000,[R]: 0 
22-57-11.835000,[R]: 0 
22-57-11.845000,[R]: 50 
22-57-11.848000,[R]: 0 
22-57-11.855000,[R]: 0 
22-57-11.858000,S 1 	RSSI: 53
22-57-11.865000,[R]: 50 
22-57-11.866000,[R]: 0 
22-57-11.872000,S 1 	RSSI: 53
22-57-11.876000,[R]: 0 
22-57-11.880000,S 1 	RSSI: 53
22-57-11.885000,[R]: 50 
22-57-11.886000,[R]: 0 
22-57-11.892000,S 1 	RSSI: 53
22-57-11.895000,[R]: 0 
22-57-11.904000,[R]: 50 
22-57-11.906000,[R]: 0 
22-57-11.915000,[R]: 0 
22-57-11.924000,[R]: 50 
22-57-11.927000,[R]: 0 
22-57-11.935000,[R]: 0 
22-57-11.938000,S 1 	RSSI: 53
22-57-11.944000,[R]: 50 
22-57-11.946000,[R]: 0 
22-57-11.951000,S 1 	RSSI: 53
22-57-11.955000,[R]: 0 
22-57-11.964000,[R]: 50 
22-57-11.966000,[R]: 0 
22-57-11.975000,[R]: 0 
22-57-11.985000,[R]: 50 
22-57-11.994000,[R]: 0 
22-57-11.995000,[R]: 0 
22-57-12.004000,[R]: 50 
22-57-12.005000,[R]: 0 
22-57-12.021000,[R]: 0 
22-57-12.022000,S 1 	RSSI: 53
22-57-12.024000,[R]: 50 
22-57-12.025000,[R]: 0 
22-57-12.031000,S 1 	RSSI: 53
22-57-12.055000,[R]: 0 
22-57-12.056000,[R]: 50 
22-57-12.056000,[R]: 0 
22-57-12.057000,[R]: 0 
22-57-12.066000,[R]: 50 
22-57-12.067000,[R]: 0 
22-57-12.076000,[R]: 0 
22-57-12.080000,S 1 	RSSI: 53
22-57-12.084000,[R]: 50 
22-57-12.088000,[R]: 0 
22-57-12.091000,S 1 	RSSI: 53
22-57-12.095000,[R]: 0 
22-57-12.105000,[R]: 50 
22-57-12.105000,[R]: 0 
22-57-12.116000,[R]: 0 
22-57-12.125000,[R]: 50 
22-57-12.128000,[R]: 0 
22-57-12.136000,[R]: 0 
22-57-12.145000,[R]: 50 
22-57-12.146000,[R]: 0 
22-57-12.155000,[R]: 0 
22-57-12.158000,S 1 	RSSI: 53
22-57-12.165000,[R]: 50 
22-57-12.165000,[R]: 0 
22-57-12.172000,S 1 	RSSI: 53
22-57-12.179000,[R]: 0 
22-57-12.185000,[R]: 50 
22-57-12.186000,[R]: 0 
22-57-12.195000,[R]: 0 
22-57-12.205000,[R]: 50 
22-57-12.207000,[R]: 0 
22-57-12.216000,[R]: 0 
22-57-12.218000,S 1 	RSSI: 53
22-57-12.226000,[R]: 50 
22-57-12.227000,[R]: 0 
22-57-12.235000,[R]: 0 
22-57-12.239000,S 1 	RSSI: 53
22-57-12.245000,[R]: 50 
22-57-12.247000,[R]: 0 
22-57-12.252000,S 1 	RSSI: 53
22-57-12.255000,[R]: 0 
22-57-12.265000,[R]: 50 
22-57-12.271000,[R]: 0 
22-57-12.274000,[R]: 0 
22-57-12.284000,[R]: 50 
22-57-12.285000,[R]: 0 
22-57-12.294000,[R]: 0 
22-57-12.297000,S 1 	RSSI: 53
22-57-12.304000,[R]: 50 
22-57-12.305000,[R]: 0 
22-57-12.311000,S 1 	RSSI: 53
22-57-12.316000,[R]: 0 
22-57-12.324000,[R]: 50 
22-57-12.325000,[R]: 0 
22-57-12.334000,[R]: 0 
22-57-12.344000,[R]: 50 
22-57-12.347000,[R]: 0 
22-57-12.354000,[R]: 0 
22-57-12.358000,S 1 	RSSI: 53
22-57-12.365000,[R]: 50 
22-57-12.365000,[R]: 0 
22-57-12.371000,S 1 	RSSI: 53
22-57-12.374000,[R]: 0 
22-57-12.378000,S 1 	RSSI: 53
22-57-12.384000,[R]: 50 
22-57-12.385000,[R]: 0 
22-57-12.391000,S 1 	RSSI: 53
22-57-12.394000,[R]: 0 
22-57-12.404000,[R]: 50 
22-57-12.407000,[R]: 0 
22-57-12.415000,[R]: 0 
22-57-12.424000,[R]: 50 
22-57-12.426000,[R]: 0 
22-57-12.435000,[R]: 0 
22-57-12.439000,S 1 	RSSI: 53
22-57-12.444000,[R]: 50 
22-57-12.446000,[R]: 0 
22-57-12.451000,S 1 	RSSI: 53
22-57-12.455000,[R]: 0 
22-57-12.464000,[R]: 50 
22-57-12.465000,[R]: 0 
22-57-12.475000,[R]: 0 
22-57-12.484000,[R]: 50 
22-57-12.489000,[R]: 0 
22-57-12.495000,[R]: 0 
22-57-12.498000,S 1 	RSSI: 53
22-57-12.505000,[R]: 50 
22-57-12.505000,[R]: 0 
22-57-12.511000,S 1 	RSSI: 53
22-57-12.515000,[R]: 0 
22-57-12.525000,[R]: 50 
22-57-12.525000,[R]: 0 
22-57-12.535000,[R]: 0 
22-57-12.545000,[R]: 50 
22-57-12.545000,[R]: 0 
22-57-12.556000,[R]: 0 
22-57-12.578000,[R]: 50 
22-57-12.587000,[R]: 0 
22-57-12.589000,[R]: 0 
22-57-12.592000,[R]: 50 
22-57-12.592000,[R]: 0 
22-57-12.595000,[R]: 0 
22-57-12.605000,[R]: 50 
22-57-12.606000,[R]: 0 
22-57-12.615000,[R]: 0 
22-57-12.625000,[R]: 50 
22-57-12.626000,[R]: 0 
22-57-12.635000,[R]: 0 
22-57-12.645000,[R]: 50 
22-57-12.645000,[R]: 0 
22-57-12.654000,[R]: 0 
22-57-12.664000,[R]: 50 
22-57-12.665000,[R]: 0 
22-57-12.674000,[R]: 0 
22-57-12.684000,[R]: 50 
22-57-12.685000,[R]: 0 
22-57-12.694000,[R]: 0 
22-57-12.704000,[R]: 50 
22-57-12.707000,[R]: 0 
22-57-12.714000,[R]: 0 
22-57-12.724000,[R]: 50 
22-57-12.725000,[R]: 0 
22-57-12.734000,[R]: 0 
22-57-12.744000,[R]: 50 
22-57-12.745000,[R]: 0 
22-57-12.754000,[R]: 0 
22-57-12.762000,S 1 	RSSI: 53
22-57-12.764000,[R]: 50 
22-57-12.774000,[R]: 0 
22-57-12.781000,S 1 	RSSI: 53
22-57-12.784000,[R]: 50 
22-57-12.794000,[R]: 0 
22-57-12.802000,S 1 	RSSI: 53
22-57-12.804000,[R]: 50 
22-57-12.815000,[R]: 0 
22-57-12.821000,S 1 	RSSI: 53
22-57-12.824000,[R]: 50 
22-57-12.834000,[R]: 0 
22-57-12.842000,S 1 	RSSI: 53
22-57-12.844000,[R]: 50 
22-57-12.862000,S 1 	RSSI: 53
22-57-12.864000,[R]: 50 
22-57-12.875000,[R]: 0 
22-57-12.882000,S 1 	RSSI: 53
22-57-12.885000,[R]: 50 
22-57-12.885000,[R]: 0 
22-57-12.895000,[R]: 0 
22-57-12.902000,S 1 	RSSI: 53
22-57-12.904000,[R]: 50 
22-57-12.915000,[R]: 0 
22-57-12.923000,S 1 	RSSI: 53
22-57-12.925000,[R]: 50 
22-57-12.935000,[R]: 0 
22-57-12.942000,S 1 	RSSI: 53
22-57-12.945000,[R]: 50 
22-57-12.955000,[R]: 0 
22-57-12.962000,S 1 	RSSI: 53
22-57-12.965000,[R]: 50 
22-57-12.975000,[R]: 0 
22-57-12.982000,S 1 	RSSI: 53
22-57-12.985000,[R]: 50 
22-57-12.995000,[R]: 0 
22-57-13.002000,S 1 	RSSI: 53
22-57-13.006000,[R]: 50 
22-57-13.015000,[R]: 0 
22-57-13.021000,S 1 	RSSI: 53
22-57-13.024000,[R]: 50 
22-57-13.025000,[R]: 0 
22-57-13.034000,[R]: 0 
22-57-13.041000,S 1 	RSSI: 53
22-57-13.044000,[R]: 50 
22-57-13.061000,S 1 	RSSI: 53
22-57-13.065000,[R]: 50 
22-57-13.074000,[R]: 0 
22-57-13.081000,S 1 	RSSI: 53
22-57-13.084000,[R]: 50 
22-57-13.085000,[R]: 0 
22-57-13.094000,[R]: 0 
22-57-13.102000,S 1 	RSSI: 53
22-57-13.104000,[R]: 50 
22-57-13.114000,[R]: 0 
22-57-13.121000,S 1 	RSSI: 53
22-57-13.124000,[R]: 50 
22-57-13.134000,[R]: 0 
22-57-13.141000,S 1 	RSSI: 53
22-57-13.144000,[R]: 50 
22-57-13.154000,[R]: 0 
22-57-13.161000,S 1 	RSSI: 53
22-57-13.165000,[R]: 50 
22-57-13.165000,[R]: 0 
22-57-13.174000,[R]: 0 
22-57-13.182000,S 1 	RSSI: 53
22-57-13.186000,[R]: 50 
22-57-13.194000,[R]: 0 
22-57-13.202000,S 1 	RSSI: 53
22-57-13.204000,[R]: 50 
22-57-13.249000,[R]: 0 
22-57-13.249000,S 1 	RSSI: 53
22-57-13.251000,[R]: 50 
22-57-13.251000,[R]: 0 
22-57-13.251000,S 1 	RSSI: 53
22-57-13.252000,[R]: 50 
22-57-13.252000,S 1 	RSSI: 53
22-57-13.254000,[R]: 0 
22-57-13.261000,S 1 	RSSI: 53
22-57-13.264000,[R]: 50 
22-57-13.272000,[R]: 0 
22-57-13.274000,[R]: 0 
22-57-13.282000,S 1 	RSSI: 53
22-57-13.285000,[R]: 50 
22-57-13.295000,[R]: 0 
22-57-13.302000,S 1 	RSSI: 53
22-57-13.305000,[R]: 50 
22-57-13.315000,[R]: 0 
22-57-13.322000,S 1 	RSSI: 53
22-57-13.325000,[R]: 50 
22-57-13.335000,[R]: 0 
22-57-13.342000,S 1 	RSSI: 53
22-57-13.345000,[R]: 50 
22-57-13.355000,[R]: 0 
22-57-13.362000,S 1 	RSSI: 53
22-57-13.365000,[R]: 50 
22-57-13.375000,[R]: 0 
22-57-13.385000,[R]: 50 
22-57-13.385000,[R]: 0 
22-57-13.394000,[R]: 0 
22-57-13.401000,S 1 	RSSI: 53
22-57-13.404000,[R]: 50 
22-57-13.414000,[R]: 0 
22-57-13.421000,S 1 	RSSI: 53
22-57-13.424000,[R]: 50 
22-57-13.434000,[R]: 0 
22-57-13.441000,S 1 	RSSI: 53
22-57-13.444000,[R]: 50 
22-57-13.454000,[R]: 0 
22-57-13.461000,S 1 	RSSI: 53
22-57-13.464000,[R]: 50 
22-57-13.465000,[R]: 0 
22-57-13.474000,[R]: 0 
22-57-13.481000,S 1 	RSSI: 53
22-57-13.484000,[R]: 50 
22-57-13.494000,[R]: 0 
22-57-13.503000,S 1 	RSSI: 53
22-57-13.504000,[R]: 50 
22-57-13.514000,[R]: 0 
22-57-13.521000,S 1 	RSSI: 53
22-57-13.524000,[R]: 50 
22-57-13.534000,[R]: 0 
22-57-13.541000,S 1 	RSSI: 53
22-57-13.544000,[R]: 50 
22-57-13.545000,[R]: 0 
22-57-13.554000,[R]: 0 
22-57-13.562000,S 1 	RSSI: 53
22-57-13.565000,[R]: 50 
22-57-13.574000,[R]: 0 
22-57-13.582000,S 1 	RSSI: 53
22-57-13.584000,[R]: 50 
22-57-13.594000,[R]: 0 
22-57-13.601000,S 1 	RSSI: 53
22-57-13.604000,[R]: 50 
22-57-13.614000,[R]: 0 
22-57-13.622000,S 1 	RSSI: 53
22-57-13.625000,[R]: 50 
22-57-13.625000,[R]: 0 
22-57-13.634000,[R]: 0 
22-57-13.642000,S 1 	RSSI: 53
22-57-13.644000,[R]: 50 
22-57-13.655000,[R]: 0 
22-57-13.662000,S 1 	RSSI: 53
22-57-13.665000,[R]: 50 
22-57-13.675000,[R]: 0 
22-57-13.682000,S 1 	RSSI: 53
22-57-13.684000,[R]: 50 
22-57-13.702000,S 1 	RSSI: 53
22-57-13.705000,[R]: 50 
22-57-13.715000,[R]: 0 
22-57-13.722000,S 1 	RSSI: 53
22-57-13.725000,[R]: 50 
22-57-13.735000,[R]: 0 
22-57-13.742000,S 1 	RSSI: 53
22-57-13.745000,[R]: 50 
22-57-13.755000,[R]: 0 
22-57-13.762000,S 1 	RSSI: 53
22-57-13.765000,[R]: 50 
22-57-13.765000,[R]: 0 
22-57-13.774000,[R]: 0 
22-57-13.781000,S 1 	RSSI: 53
22-57-13.784000,[R]: 50 
22-57-13.794000,[R]: 0 
22-57-13.804000,[R]: 50 
22-57-13.814000,[R]: 0 
22-57-13.821000,S 1 	RSSI: 53
22-57-13.824000,[R]: 50 
22-57-13.824000,[R]: 0 
22-57-13.834000,[R]: 0 
22-57-13.841000,S 1 	RSSI: 53
22-57-13.844000,[R]: 50 
22-57-13.854000,[R]: 0 
22-57-13.861000,S 1 	RSSI: 53
22-57-13.864000,[R]: 50 
22-57-13.874000,[R]: 0 
22-57-13.881000,S 1 	RSSI: 53
22-57-13.884000,[R]: 50 
22-57-13.894000,[R]: 0 
22-57-13.901000,S 1 	RSSI: 53
22-57-13.904000,[R]: 50 
22-57-13.914000,[R]: 0 
22-57-13.921000,S 1 	RSSI: 53
22-57-13.925000,[R]: 50 
22-57-13.934000,[R]: 0 
22-57-13.941000,S 1 	RSSI: 53
22-57-13.944000,[R]: 50 
22-57-13.954000,[R]: 0 
22-57-13.961000,S 1 	RSSI: 53
22-57-13.964000,[R]: 50 
22-57-13.965000,[R]: 0 
22-57-13.974000,[R]: 0 
22-57-13.982000,S 1 	RSSI: 53
22-57-13.984000,[R]: 50 
22-57-13.994000,[R]: 0 
22-57-14.001000,S 1 	RSSI: 53
22-57-14.004000,[R]: 50 
22-57-14.014000,[R]: 0 
22-57-14.022000,S 1 	RSSI: 53
22-57-14.024000,[R]: 50 
22-57-14.035000,[R]: 0 
22-57-14.042000,S 1 	RSSI: 53
22-57-14.045000,[R]: 50 
22-57-14.046000,[R]: 0 
22-57-14.055000,[R]: 0 
22-57-14.062000,S 1 	RSSI: 53
22-57-14.065000,[R]: 50 
22-57-14.075000,[R]: 0 
22-57-14.082000,S 1 	RSSI: 53
22-57-14.085000,[R]: 50 
22-57-14.095000,[R]: 0 
22-57-14.102000,S 1 	RSSI: 53
22-57-14.105000,[R]: 50 
22-57-14.115000,[R]: 0 
22-57-14.122000,S 1 	RSSI: 53
22-57-14.125000,[R]: 50 
22-57-14.125000,[R]: 0 
22-57-14.135000,[R]: 0 
22-57-14.141000,S 1 	RSSI: 53
22-57-14.144000,[R]: 50 
22-57-14.154000,[R]: 0 
22-57-14.161000,S 1 	RSSI: 53
22-57-14.164000,[R]: 50 
22-57-14.174000,[R]: 0 
22-57-14.181000,S 1 	RSSI: 53
22-57-14.185000,[R]: 50 
22-57-14.190000,S 1 	RSSI: 53
22-57-14.194000,[R]: 0 
22-57-14.201000,S 1 	RSSI: 53
22-57-14.205000,[R]: 50 
22-57-14.207000,[R]: 0 
22-57-14.214000,[R]: 0 
22-57-14.221000,S 1 	RSSI: 53
22-57-14.224000,[R]: 50 
22-57-14.234000,[R]: 0 
22-57-14.241000,S 1 	RSSI: 53
22-57-14.244000,[R]: 50 
22-57-14.254000,[R]: 0 
22-57-14.261000,S 1 	RSSI: 53
22-57-14.264000,[R]: 50 
22-57-14.274000,[R]: 0 
22-57-14.281000,S 1 	RSSI: 53
22-57-14.284000,[R]: 50 
22-57-14.285000,[R]: 0 
22-57-14.294000,[R]: 0 
22-57-14.301000,S 1 	RSSI: 53
22-57-14.304000,[R]: 50 
22-57-14.315000,[R]: 0 
22-57-14.321000,S 1 	RSSI: 53
22-57-14.324000,[R]: 50 
22-57-14.334000,[R]: 0 
22-57-14.341000,S 1 	RSSI: 53
22-57-14.344000,[R]: 50 
22-57-14.354000,[R]: 0 
22-57-14.361000,S 1 	RSSI: 53
22-57-14.364000,[R]: 50 
22-57-14.365000,[R]: 0 
22-57-14.374000,[R]: 0 
22-57-14.382000,S 1 	RSSI: 53
22-57-14.384000,[R]: 50 
22-57-14.394000,[R]: 0 
22-57-14.401000,S 1 	RSSI: 53
22-57-14.405000,[R]: 50 
22-57-14.415000,[R]: 0 
22-57-14.422000,S 1 	RSSI: 53
22-57-14.425000,[R]: 50 
22-57-14.435000,[R]: 0 
22-57-14.445000,[R]: 50 
22-57-14.445000,[R]: 0 
22-57-14.455000,[R]: 0 
22-57-14.462000,S 1 	RSSI: 53
22-57-14.465000,[R]: 50 
22-57-14.475000,[R]: 0 
22-57-14.482000,S 1 	RSSI: 53
22-57-14.485000,[R]: 50 
22-57-14.495000,[R]: 0 
22-57-14.502000,S 1 	RSSI: 53
22-57-14.506000,[R]: 50 
22-57-14.515000,[R]: 0 
22-57-14.521000,S 1 	RSSI: 53
22-57-14.524000,[R]: 50 
22-57-14.524000,[R]: 0 
22-57-14.534000,[R]: 0 
22-57-14.541000,S 1 	RSSI: 53
22-57-14.544000,[R]: 50 
22-57-14.554000,[R]: 0 
22-57-14.564000,[R]: 50 
22-57-14.574000,[R]: 0 
22-57-14.581000,S 1 	RSSI: 53
22-57-14.584000,[R]: 50 
22-57-14.585000,[R]: 0 
22-57-14.594000,[R]: 0 
22-57-14.601000,S 1 	RSSI: 53
22-57-14.604000,[R]: 50 
22-57-14.614000,[R]: 0 
22-57-14.621000,S 1 	RSSI: 53
22-57-14.624000,[R]: 50 
22-57-14.634000,[R]: 0 
22-57-14.641000,S 1 	RSSI: 53
22-57-14.644000,[R]: 50 
22-57-14.654000,[R]: 0 
22-57-14.661000,S 1 	RSSI: 53
22-57-14.665000,[R]: 50 
22-57-14.666000,[R]: 0 
22-57-14.674000,[R]: 0 
22-57-14.681000,S 1 	RSSI: 53
22-57-14.684000,[R]: 50 
22-57-14.694000,[R]: 0 
22-57-14.704000,[R]: 50 
22-57-14.714000,[R]: 0 
22-57-14.721000,S 1 	RSSI: 53
22-57-14.724000,[R]: 50 
22-57-14.725000,[R]: 0 
22-57-14.734000,[R]: 0 
22-57-14.742000,S 1 	RSSI: 53
22-57-14.748000,[R]: 50 
22-57-14.754000,[R]: 0 
22-57-14.762000,S 1 	RSSI: 53
22-57-14.764000,[R]: 50 
22-57-14.775000,[R]: 0 
22-57-14.782000,S 1 	RSSI: 53
22-57-14.784000,[R]: 50 
22-57-14.795000,[R]: 0 
22-57-14.802000,S 1 	RSSI: 53
22-57-14.805000,[R]: 50 
22-57-14.807000,[R]: 0 
22-57-14.815000,[R]: 0 
22-57-14.822000,S 1 	RSSI: 53
22-57-14.825000,[R]: 50 
22-57-14.835000,[R]: 0 
22-57-14.842000,S 1 	RSSI: 53
22-57-14.845000,[R]: 50 
22-57-14.855000,[R]: 0 
22-57-14.862000,S 1 	RSSI: 53
22-57-14.865000,[R]: 50 
22-57-14.875000,[R]: 0 
22-57-14.882000,S 1 	RSSI: 53
22-57-14.885000,[R]: 50 
22-57-14.885000,[R]: 0 
22-57-14.894000,[R]: 0 
22-57-14.901000,S 1 	RSSI: 53
22-57-14.908000,[R]: 50 
22-57-14.914000,[R]: 0 
22-57-14.921000,S 1 	RSSI: 53
22-57-14.924000,[R]: 50 
22-57-14.934000,[R]: 0 
22-57-14.941000,S 1 	RSSI: 53
22-57-14.944000,[R]: 50 
22-57-14.954000,[R]: 0 
22-57-14.961000,S 1 	RSSI: 53
22-57-14.964000,[R]: 50 
22-57-14.967000,[R]: 0 
22-57-14.974000,[R]: 0 
22-57-14.981000,S 1 	RSSI: 53
22-57-14.984000,[R]: 50 
22-57-14.994000,[R]: 0 
22-57-15.001000,S 1 	RSSI: 53
22-57-15.004000,[R]: 50 
22-57-15.014000,[R]: 0 
22-57-15.021000,S 1 	RSSI: 53
22-57-15.024000,[R]: 50 
22-57-15.034000,[R]: 0 
22-57-15.041000,S 1 	RSSI: 53
22-57-15.044000,[R]: 50 
22-57-15.045000,[R]: 0 
22-57-15.054000,[R]: 0 
22-57-15.061000,S 1 	RSSI: 53
22-57-15.067000,[R]: 50 
22-57-15.074000,[R]: 0 
22-57-15.081000,S 1 	RSSI: 53
22-57-15.084000,[R]: 50 
22-57-15.095000,[R]: 0 
22-57-15.101000,S 1 	RSSI: 53
22-57-15.104000,[R]: 50 
22-57-15.115000,[R]: 0 
22-57-15.121000,S 1 	RSSI: 53
22-57-15.124000,[R]: 50 
22-57-15.125000,[R]: 0 
22-57-15.134000,[R]: 0 
22-57-15.142000,S 1 	RSSI: 53
22-57-15.144000,[R]: 50 
22-57-15.155000,[R]: 0 
22-57-15.161000,S 1 	RSSI: 53
22-57-15.167000,[R]: 50 
22-57-15.174000,[R]: 0 
22-57-15.182000,S 1 	RSSI: 53
22-57-15.185000,[R]: 50 
22-57-15.195000,[R]: 0 
22-57-15.202000,S 1 	RSSI: 53
22-57-15.207000,[R]: 50 
22-57-15.215000,[R]: 0 
22-57-15.223000,S 1 	RSSI: 53
22-57-15.224000,[R]: 50 
22-57-15.235000,[R]: 0 
22-57-15.242000,S 1 	RSSI: 53
22-57-15.244000,[R]: 50 
22-57-15.249000,S 1 	RSSI: 53
22-57-15.254000,[R]: 0 
22-57-15.262000,S 1 	RSSI: 53
22-57-15.264000,[R]: 50 
22-57-15.274000,[R]: 0 
22-57-15.281000,S 1 	RSSI: 53
22-57-15.284000,[R]: 50 
22-57-15.294000,[R]: 0 
22-57-15.301000,S 1 	RSSI: 53
22-57-15.304000,[R]: 50 
22-57-15.314000,[R]: 0 
22-57-15.321000,S 1 	RSSI: 53
22-57-15.323000,[R]: 50 
22-57-15.334000,[R]: 0 
22-57-15.341000,S 1 	RSSI: 53
22-57-15.350000,[R]: 50 
22-57-15.354000,[R]: 0 
22-57-15.361000,S 1 	RSSI: 53
22-57-15.364000,[R]: 50 
22-57-15.365000,[R]: 0 
22-57-15.374000,[R]: 0 
22-57-15.381000,S 1 	RSSI: 53
22-57-15.384000,[R]: 50 
22-57-15.394000,[R]: 0 
22-57-15.401000,S 1 	RSSI: 53
22-57-15.404000,[R]: 50 
22-57-15.414000,[R]: 0 
22-57-15.421000,S 1 	RSSI: 53
22-57-15.424000,[R]: 50 
22-57-15.434000,[R]: 0 
22-57-15.441000,S 1 	RSSI: 53
22-57-15.444000,[R]: 50 
22-57-15.445000,[R]: 0 
22-57-15.454000,[R]: 0 
22-57-15.461000,S 1 	RSSI: 53
22-57-15.465000,[R]: 50 
22-57-15.474000,[R]: 0 
22-57-15.481000,S 1 	RSSI: 53
22-57-15.484000,[R]: 50 
22-57-15.494000,[R]: 0 
22-57-15.501000,S 1 	RSSI: 53
22-57-15.504000,[R]: 50 
22-57-15.514000,[R]: 0 
22-57-15.521000,S 1 	RSSI: 53
22-57-15.524000,[R]: 50 
22-57-15.525000,[R]: 0 
22-57-15.534000,[R]: 0 
22-57-15.542000,S 1 	RSSI: 53
22-57-15.545000,[R]: 50 
22-57-15.555000,[R]: 0 
22-57-15.562000,S 1 	RSSI: 53
22-57-15.564000,[R]: 50 
22-57-15.575000,[R]: 0 
22-57-15.582000,S 1 	RSSI: 53
22-57-15.585000,[R]: 50 
22-57-15.595000,[R]: 0 
22-57-15.601000,S 1 	RSSI: 53
22-57-15.605000,[R]: 50 
22-57-15.605000,[R]: 0 
22-57-15.618000,[R]: 50 
22-57-15.624000,[R]: 0 
22-57-15.635000,[R]: 0 
22-57-15.640000,S 1 	RSSI: 53
22-57-15.644000,[R]: 50 
22-57-15.644000,[R]: 0 
22-57-15.654000,[R]: 0 
22-57-15.661000,S 1 	RSSI: 53
22-57-15.665000,[R]: 50 
22-57-15.674000,[R]: 0 
22-57-15.681000,S 1 	RSSI: 53
22-57-15.691000,[R]: 50 
22-57-15.694000,[R]: 0 
22-57-15.701000,S 1 	RSSI: 53
22-57-15.703000,[R]: 50 
22-57-15.721000,S 1 	RSSI: 53
22-57-15.724000,[R]: 50 
22-57-15.725000,[R]: 0 
22-57-15.734000,[R]: 0 
22-57-15.741000,S 1 	RSSI: 53
22-57-15.744000,[R]: 50 
22-57-15.754000,[R]: 0 
22-57-15.761000,S 1 	RSSI: 53
22-57-15.764000,[R]: 50 
22-57-15.774000,[R]: 0 
22-57-15.781000,S 1 	RSSI: 53
22-57-15.784000,[R]: 50 
22-57-15.790000,[R]: 0 
22-57-15.802000,S 1 	RSSI: 53
22-57-15.804000,[R]: 50 
22-57-15.805000,[R]: 0 
22-57-15.812000,[R]: 0 
22-57-15.821000,S 1 	RSSI: 53
22-57-15.824000,[R]: 50 
22-57-15.824000,[R]: 0 
22-57-15.834000,[R]: 0 
22-57-15.841000,S 1 	RSSI: 53
22-57-15.844000,[R]: 50 
22-57-15.854000,[R]: 0 
22-57-15.861000,S 1 	RSSI: 53
22-57-15.864000,[R]: 50 
22-57-15.866000,[R]: 0 
22-57-15.874000,[R]: 0 
22-57-15.882000,S 1 	RSSI: 53
22-57-15.886000,[R]: 50 
22-57-15.894000,[R]: 0 
22-57-15.901000,S 1 	RSSI: 53
22-57-15.904000,[R]: 50 
22-57-15.922000,S 1 	RSSI: 53
22-57-15.924000,[R]: 50 
22-57-15.935000,[R]: 0 
22-57-15.942000,S 1 	RSSI: 53
22-57-15.945000,[R]: 50 
22-57-15.945000,[R]: 0 
22-57-15.955000,[R]: 0 
22-57-15.962000,S 1 	RSSI: 53
22-57-15.965000,[R]: 50 
22-57-15.975000,[R]: 0 
22-57-15.982000,S 1 	RSSI: 53
22-57-15.985000,[R]: 50 
22-57-15.995000,[R]: 0 
22-57-16.001000,S 1 	RSSI: 53
22-57-16.005000,[R]: 50 
22-57-16.014000,[R]: 0 
22-57-16.020000,S 1 	RSSI: 53
22-57-16.024000,[R]: 50 
22-57-16.024000,[R]: 0 
22-57-16.034000,[R]: 0 
22-57-16.041000,S 1 	RSSI: 53
22-57-16.044000,[R]: 50 
22-57-16.054000,[R]: 0 
22-57-16.061000,S 1 	RSSI: 53
22-57-16.064000,[R]: 50 
22-57-16.074000,[R]: 0 
22-57-16.081000,S 1 	RSSI: 53
22-57-16.083000,[R]: 50 
22-57-16.094000,[R]: 0 
22-57-16.101000,S 1 	RSSI: 53
22-57-16.104000,[R]: 50 
22-57-16.104000,[R]: 0 
22-57-16.114000,[R]: 0 
22-57-16.121000,S 1 	RSSI: 53
22-57-16.124000,[R]: 50 
22-57-16.134000,[R]: 0 
22-57-16.141000,S 1 	RSSI: 53
22-57-16.144000,[R]: 50 
22-57-16.154000,[R]: 0 
22-57-16.164000,[R]: 50 
22-57-16.165000,[R]: 0 
22-57-16.174000,[R]: 0 
22-57-16.181000,S 1 	RSSI: 53
22-57-16.184000,[R]: 50 
22-57-16.194000,[R]: 0 
22-57-16.201000,S 1 	RSSI: 53
22-57-16.204000,[R]: 50 
22-57-16.214000,[R]: 0 
22-57-16.221000,S 1 	RSSI: 53
22-57-16.224000,[R]: 50 
22-57-16.234000,[R]: 0 
22-57-16.241000,S 1 	RSSI: 53
22-57-16.244000,[R]: 50 
22-57-16.245000,[R]: 0 
22-57-16.254000,[R]: 0 
22-57-16.261000,S 1 	RSSI: 53
22-57-16.265000,[R]: 50 
22-57-16.274000,[R]: 0 
22-57-16.281000,S 1 	RSSI: 53
22-57-16.284000,[R]: 50 
22-57-16.295000,[R]: 0 
22-57-16.302000,S 1 	RSSI: 53
22-57-16.304000,[R]: 50 
22-57-16.315000,[R]: 0 
22-57-16.321000,S 1 	RSSI: 53
22-57-16.325000,[R]: 50 
22-57-16.335000,[R]: 0 
22-57-16.341000,S 1 	RSSI: 53
22-57-16.344000,[R]: 50 
22-57-16.355000,[R]: 0 
22-57-16.362000,S 1 	RSSI: 53
22-57-16.364000,[R]: 50 
22-57-16.375000,[R]: 0 
22-57-16.381000,S 1 	RSSI: 53
22-57-16.384000,[R]: 50 
22-57-16.384000,[R]: 0 
22-57-16.394000,[R]: 0 
22-57-16.401000,S 1 	RSSI: 53
22-57-16.405000,[R]: 50 
22-57-16.414000,[R]: 0 
22-57-16.421000,S 1 	RSSI: 53
22-57-16.423000,[R]: 50 
22-57-16.434000,[R]: 0 
22-57-16.441000,S 1 	RSSI: 53
22-57-16.443000,[R]: 50 
22-57-16.454000,[R]: 0 
22-57-16.461000,S 1 	RSSI: 53
22-57-16.464000,[R]: 50 
22-57-16.474000,[R]: 0 
22-57-16.481000,S 1 	RSSI: 53
22-57-16.484000,[R]: 50 
22-57-16.494000,[R]: 0 
22-57-16.501000,S 1 	RSSI: 53
22-57-16.509000,[R]: 50 
22-57-16.514000,[R]: 0 
22-57-16.521000,S 1 	RSSI: 53
22-57-16.524000,[R]: 50 
22-57-16.524000,[R]: 0 
22-57-16.534000,[R]: 0 
22-57-16.541000,S 1 	RSSI: 53
22-57-16.544000,[R]: 50 
22-57-16.554000,[R]: 0 
22-57-16.561000,S 1 	RSSI: 53
22-57-16.564000,[R]: 50 
22-57-16.574000,[R]: 0 
22-57-16.581000,S 1 	RSSI: 53
22-57-16.584000,[R]: 50 
22-57-16.594000,[R]: 0 
22-57-16.601000,S 1 	RSSI: 53
22-57-16.604000,[R]: 50 
22-57-16.614000,[R]: 0 
22-57-16.621000,S 1 	RSSI: 53
22-57-16.624000,[R]: 50 
22-57-16.635000,[R]: 0 
22-57-16.641000,S 1 	RSSI: 53
22-57-16.647000,[R]: 50 
22-57-16.655000,[R]: 0 
22-57-16.661000,S 1 	RSSI: 53
22-57-16.665000,[R]: 50 
22-57-16.668000,[R]: 0 
22-57-16.675000,[R]: 0 
22-57-16.682000,S 1 	RSSI: 53
22-57-16.685000,[R]: 50 
22-57-16.695000,[R]: 0 
22-57-16.701000,S 1 	RSSI: 53
22-57-16.704000,[R]: 50 
22-57-16.715000,[R]: 0 
22-57-16.722000,S 1 	RSSI: 53
22-57-16.725000,[R]: 50 
22-57-16.735000,[R]: 0 
22-57-16.741000,S 1 	RSSI: 53
22-57-16.744000,[R]: 50 
22-57-16.745000,[R]: 0 
22-57-16.755000,[R]: 0 
22-57-16.761000,S 1 	RSSI: 53
22-57-16.764000,[R]: 50 
22-57-16.774000,[R]: 0 
22-57-16.780000,S 1 	RSSI: 53
22-57-16.783000,[R]: 50 
22-57-16.794000,[R]: 0 
22-57-16.800000,S 1 	RSSI: 53
22-57-16.803000,[R]: 50 
22-57-16.814000,[R]: 0 
22-57-16.820000,S 1 	RSSI: 53
22-57-16.823000,[R]: 50 
22-57-16.824000,[R]: 0 
22-57-16.834000,[R]: 0 
22-57-16.841000,S 1 	RSSI: 54
22-57-16.843000,[R]: 50 
22-57-16.854000,[R]: 0 
22-57-16.861000,S 1 	RSSI: 53
22-57-16.863000,[R]: 50 
22-57-16.874000,[R]: 0 
22-57-16.881000,S 1 	RSSI: 53
22-57-16.884000,[R]: 50 
22-57-16.885000,[R]: 0 
22-57-16.894000,[R]: 0 
22-57-16.901000,S 1 	RSSI: 53
22-57-16.904000,[R]: 50 
22-57-16.904000,[R]: 0 
22-57-16.914000,[R]: 0 
22-57-16.921000,S 1 	RSSI: 53
22-57-16.926000,[R]: 50 
22-57-16.934000,[R]: 0 
22-57-16.941000,S 1 	RSSI: 53
22-57-16.944000,[R]: 50 
22-57-16.957000,[R]: 0 
22-57-16.961000,S 1 	RSSI: 53
22-57-16.963000,[R]: 50 
22-57-16.968000,S 1 	RSSI: 53
22-57-16.981000,S 1 	RSSI: 53
22-57-16.984000,[R]: 50 
22-57-16.995000,[R]: 0 
22-57-17.001000,S 1 	RSSI: 53
22-57-17.004000,[R]: 50 
22-57-17.015000,[R]: 0 
22-57-17.021000,S 1 	RSSI: 53
22-57-17.024000,[R]: 50 
22-57-17.034000,[R]: 0 
22-57-17.041000,S 1 	RSSI: 53
22-57-17.044000,[R]: 50 
22-57-17.054000,[R]: 0 
22-57-17.061000,S 1 	RSSI: 53
22-57-17.065000,[R]: 50 
22-57-17.068000,[R]: 0 
22-57-17.075000,[R]: 0 
22-57-17.081000,S 1 	RSSI: 53
22-57-17.084000,[R]: 50 
22-57-17.095000,[R]: 0 
22-57-17.101000,S 1 	RSSI: 53
22-57-17.104000,[R]: 50 
22-57-17.115000,[R]: 0 
22-57-17.121000,S 1 	RSSI: 53
22-57-17.124000,[R]: 50 
22-57-17.133000,[R]: 0 
22-57-17.140000,S 1 	RSSI: 53
22-57-17.143000,[R]: 50 
22-57-17.144000,[R]: 0 
22-57-17.154000,[R]: 0 
22-57-17.160000,S 1 	RSSI: 53
22-57-17.163000,[R]: 50 
22-57-17.174000,[R]: 0 
22-57-17.181000,S 1 	RSSI: 53
22-57-17.183000,[R]: 50 
22-57-17.194000,[R]: 0 
22-57-17.201000,S 1 	RSSI: 53
22-57-17.203000,[R]: 50 
22-57-17.214000,[R]: 0 
22-57-17.221000,S 1 	RSSI: 53
22-57-17.223000,[R]: 50 
22-57-17.234000,[R]: 0 
22-57-17.241000,S 1 	RSSI: 53
22-57-17.243000,[R]: 50 
22-57-17.247000,S 1 	RSSI: 53
22-57-17.253000,[R]: 0 
22-57-17.260000,S 1 	RSSI: 53
22-57-17.264000,[R]: 50 
22-57-17.264000,[R]: 0 
22-57-17.274000,[R]: 0 
22-57-17.281000,S 1 	RSSI: 53
22-57-17.283000,[R]: 50 
22-57-17.294000,[R]: 0 
22-57-17.301000,S 1 	RSSI: 53
22-57-17.305000,[R]: 50 
22-57-17.314000,[R]: 0 
22-57-17.321000,S 1 	RSSI: 53
22-57-17.323000,[R]: 50 
22-57-17.335000,[R]: 0 
22-57-17.341000,S 1 	RSSI: 53
22-57-17.344000,[R]: 50 
22-57-17.354000,[R]: 0 
22-57-17.361000,S 1 	RSSI: 53
22-57-17.364000,[R]: 50 
22-57-17.374000,[R]: 0 
22-57-17.381000,S 1 	RSSI: 54
22-57-17.384000,[R]: 50 
22-57-17.384000,[R]: 0 
22-57-17.394000,[R]: 0 
22-57-17.401000,S 1 	RSSI: 53
22-57-17.404000,[R]: 50 
22-57-17.415000,[R]: 0 
22-57-17.421000,S 1 	RSSI: 53
22-57-17.424000,[R]: 50 
22-57-17.435000,[R]: 0 
22-57-17.441000,S 1 	RSSI: 53
22-57-17.444000,[R]: 50 
22-57-17.455000,[R]: 0 
22-57-17.462000,S 1 	RSSI: 53
22-57-17.464000,[R]: 50 
22-57-17.465000,[R]: 0 
22-57-17.474000,[R]: 0 
22-57-17.482000,S 1 	RSSI: 53
22-57-17.484000,[R]: 50 
22-57-17.495000,[R]: 0 
22-57-17.501000,S 1 	RSSI: 53
22-57-17.506000,[R]: 50 
22-57-17.514000,[R]: 0 
22-57-17.520000,S 1 	RSSI: 53
22-57-17.523000,[R]: 50 
22-57-17.533000,[R]: 0 
22-57-17.541000,S 1 	RSSI: 53
22-57-17.543000,[R]: 50 
22-57-17.544000,[R]: 0 
22-57-17.553000,[R]: 0 
22-57-17.561000,S 1 	RSSI: 53
22-57-17.564000,[R]: 50 
22-57-17.574000,[R]: 0 
22-57-17.581000,S 1 	RSSI: 53
22-57-17.583000,[R]: 50 
22-57-17.594000,[R]: 0 
22-57-17.601000,S 1 	RSSI: 53
22-57-17.603000,[R]: 50 
22-57-17.614000,[R]: 0 
22-57-17.621000,S 1 	RSSI: 53
22-57-17.623000,[R]: 50 
22-57-17.634000,[R]: 0 
22-57-17.642000,S 1 	RSSI: 53
22-57-17.643000,[R]: 50 
22-57-17.654000,[R]: 0 
22-57-17.661000,S 1 	RSSI: 54
22-57-17.664000,[R]: 50 
22-57-17.674000,[R]: 0 
22-57-17.681000,S 1 	RSSI: 53
22-57-17.684000,[R]: 50 
22-57-17.692000,[R]: 0 
22-57-17.694000,[R]: 0 
22-57-17.701000,S 1 	RSSI: 53
22-57-17.704000,[R]: 50 
22-57-17.714000,[R]: 0 
22-57-17.722000,S 1 	RSSI: 53
22-57-17.724000,[R]: 50 
22-57-17.734000,[R]: 0 
22-57-17.741000,S 1 	RSSI: 53
22-57-17.744000,[R]: 50 
22-57-17.754000,[R]: 0 
22-57-17.761000,S 1 	RSSI: 53
22-57-17.764000,[R]: 50 
22-57-17.774000,[R]: 0 
22-57-17.781000,S 1 	RSSI: 53
22-57-17.784000,[R]: 50 
22-57-17.801000,S 1 	RSSI: 53
22-57-17.804000,[R]: 50 
22-57-17.814000,[R]: 0 
22-57-17.821000,S 1 	RSSI: 53
22-57-17.824000,[R]: 50 
22-57-17.825000,[R]: 0 
22-57-17.834000,[R]: 0 
22-57-17.842000,S 1 	RSSI: 53
22-57-17.844000,[R]: 50 
22-57-17.855000,[R]: 0 
22-57-17.861000,S 1 	RSSI: 53
22-57-17.864000,[R]: 50 
22-57-17.875000,[R]: 0 
22-57-17.880000,S 1 	RSSI: 53
22-57-17.883000,[R]: 50 
22-57-17.894000,[R]: 0 
22-57-17.900000,S 1 	RSSI: 53
22-57-17.903000,[R]: 50 
22-57-17.905000,[R]: 0 
22-57-17.914000,[R]: 0 
22-57-17.920000,S 1 	RSSI: 53
22-57-17.924000,[R]: 50 
22-57-17.934000,[R]: 0 
22-57-17.941000,S 1 	RSSI: 53
22-57-17.943000,[R]: 50 
22-57-17.953000,[R]: 0 
22-57-17.961000,S 1 	RSSI: 53
22-57-17.963000,[R]: 50 
22-57-17.974000,[R]: 0 
22-57-17.983000,[R]: 50 
22-57-17.986000,[R]: 0 
22-57-17.994000,[R]: 0 
22-57-18.001000,S 1 	RSSI: 53
22-57-18.003000,[R]: 50 
22-57-18.013000,[R]: 0 
22-57-18.021000,S 1 	RSSI: 53
22-57-18.023000,[R]: 50 
22-57-18.033000,[R]: 0 
22-57-18.041000,S 1 	RSSI: 53
22-57-18.043000,[R]: 50 
22-57-18.054000,[R]: 0 
22-57-18.061000,S 1 	RSSI: 53
22-57-18.064000,[R]: 50 
22-57-18.074000,[R]: 0 
22-57-18.081000,S 1 	RSSI: 53
22-57-18.083000,[R]: 50 
22-57-18.094000,[R]: 0 
22-57-18.101000,S 1 	RSSI: 53
22-57-18.104000,[R]: 50 
22-57-18.105000,[R]: 0 
22-57-18.115000,[R]: 0 
22-57-18.121000,S 1 	RSSI: 53
22-57-18.124000,[R]: 50 
22-57-18.134000,[R]: 0 
22-57-18.141000,S 1 	RSSI: 53
22-57-18.144000,[R]: 50 
22-57-18.154000,[R]: 0 
22-57-18.161000,S 1 	RSSI: 53
22-57-18.164000,[R]: 50 
22-57-18.174000,[R]: 0 
22-57-18.181000,S 1 	RSSI: 53
22-57-18.184000,[R]: 50 
22-57-18.185000,[R]: 0 
22-57-18.194000,[R]: 0 
22-57-18.202000,S 1 	RSSI: 53
22-57-18.204000,[R]: 50 
22-57-18.221000,S 1 	RSSI: 53
22-57-18.224000,[R]: 50 
22-57-18.234000,[R]: 0 
22-57-18.241000,S 1 	RSSI: 53
22-57-18.245000,[R]: 50 
22-57-18.245000,[R]: 0 
22-57-18.253000,[R]: 0 
22-57-18.260000,S 1 	RSSI: 53
22-57-18.263000,[R]: 50 
22-57-18.273000,[R]: 0 
22-57-18.280000,S 1 	RSSI: 53
22-57-18.284000,[R]: 50 
22-57-18.293000,[R]: 0 
22-57-18.300000,S 1 	RSSI: 53
22-57-18.304000,[R]: 50 
22-57-18.314000,[R]: 0 
22-57-18.322000,S 1 	RSSI: 53
22-57-18.323000,[R]: 50 
22-57-18.324000,[R]: 0 
22-57-18.333000,[R]: 0 
22-57-18.341000,S 1 	RSSI: 53
22-57-18.343000,[R]: 50 
22-57-18.360000,S 1 	RSSI: 53
22-57-18.363000,[R]: 50 
22-57-18.373000,[R]: 0 
22-57-18.381000,S 1 	RSSI: 53
22-57-18.384000,[R]: 50 
22-57-18.387000,[R]: 0 
22-57-18.394000,[R]: 0 
22-57-18.401000,S 1 	RSSI: 53
22-57-18.404000,[R]: 50 
22-57-18.414000,[R]: 0 
22-57-18.421000,S 1 	RSSI: 53
22-57-18.423000,[R]: 50 
22-57-18.434000,[R]: 0 
22-57-18.441000,S 1 	RSSI: 53
22-57-18.443000,[R]: 50 
22-57-18.454000,[R]: 0 
22-57-18.461000,S 1 	RSSI: 53
22-57-18.464000,[R]: 50 
22-57-18.464000,[R]: 0 
22-57-18.474000,[R]: 0 
22-57-18.481000,S 1 	RSSI: 53
22-57-18.484000,[R]: 50 
22-57-18.494000,[R]: 0 
22-57-18.501000,S 1 	RSSI: 53
22-57-18.503000,[R]: 50 
22-57-18.514000,[R]: 0 
22-57-18.521000,S 1 	RSSI: 53
22-57-18.523000,[R]: 50 
22-57-18.534000,[R]: 0 
22-57-18.541000,S 1 	RSSI: 53
22-57-18.544000,[R]: 50 
22-57-18.544000,[R]: 0 
22-57-18.554000,[R]: 0 
22-57-18.561000,S 1 	RSSI: 53
22-57-18.565000,[R]: 50 
22-57-18.574000,[R]: 0 
22-57-18.581000,S 1 	RSSI: 53
22-57-18.584000,[R]: 50 
22-57-18.594000,[R]: 0 
22-57-18.604000,[R]: 50 
22-57-18.605000,[R]: 0 
22-57-18.615000,[R]: 0 
22-57-18.621000,S 1 	RSSI: 53
22-57-18.624000,[R]: 50 
22-57-18.633000,[R]: 0 
22-57-18.640000,S 1 	RSSI: 53
22-57-18.644000,[R]: 50 
22-57-18.660000,S 1 	RSSI: 53
22-57-18.663000,[R]: 50 
22-57-18.673000,[R]: 0 
22-57-18.680000,S 1 	RSSI: 53
22-57-18.683000,[R]: 50 
22-57-18.685000,[R]: 0 
22-57-18.693000,[R]: 0 
22-57-18.700000,S 1 	RSSI: 53
22-57-18.703000,[R]: 50 
22-57-18.713000,[R]: 0 
22-57-18.720000,S 1 	RSSI: 53
22-57-18.723000,[R]: 50 
22-57-18.733000,[R]: 0 
22-57-18.740000,S 1 	RSSI: 53
22-57-18.743000,[R]: 50 
22-57-18.753000,[R]: 0 
22-57-18.760000,S 1 	RSSI: 53
22-57-18.763000,[R]: 50 
22-57-18.764000,[R]: 0 
22-57-18.773000,[R]: 0 
22-57-18.781000,S 1 	RSSI: 53
22-57-18.783000,[R]: 50 
22-57-18.793000,[R]: 0 
22-57-18.801000,S 1 	RSSI: 53
22-57-18.803000,[R]: 50 
22-57-18.814000,[R]: 0 
22-57-18.821000,S 1 	RSSI: 53
22-57-18.823000,[R]: 50 
22-57-18.834000,[R]: 0 
22-57-18.841000,S 1 	RSSI: 53
22-57-18.844000,[R]: 50 
22-57-18.847000,[R]: 0 
22-57-18.854000,[R]: 0 
22-57-18.861000,S 1 	RSSI: 53
22-57-18.864000,[R]: 50 
22-57-18.873000,[R]: 0 
22-57-18.881000,S 1 	RSSI: 53
22-57-18.884000,[R]: 50 
22-57-18.894000,[R]: 0 
22-57-18.901000,S 1 	RSSI: 53
22-57-18.903000,[R]: 50 
22-57-18.914000,[R]: 0 
22-57-18.921000,S 1 	RSSI: 53
22-57-18.925000,[R]: 50 
22-57-18.928000,[R]: 0 
22-57-18.934000,[R]: 0 
22-57-18.941000,S 1 	RSSI: 53
22-57-18.944000,[R]: 50 
22-57-18.954000,[R]: 0 
22-57-18.961000,S 1 	RSSI: 53
22-57-18.964000,[R]: 50 
22-57-18.974000,[R]: 0 
22-57-18.981000,S 1 	RSSI: 53
22-57-19.012000,[R]: 50 
22-57-19.013000,[R]: 0 
22-57-19.014000,S 1 	RSSI: 53
22-57-19.014000,[R]: 50 
22-57-19.018000,[R]: 0 
22-57-19.020000,S 1 	RSSI: 53
22-57-19.023000,[R]: 50 
22-57-19.033000,[R]: 0 
22-57-19.040000,S 1 	RSSI: 53
22-57-19.043000,[R]: 50 
22-57-19.053000,[R]: 0 
22-57-19.060000,S 1 	RSSI: 53
22-57-19.064000,[R]: 50 
22-57-19.066000,[R]: 0 
22-57-19.073000,[R]: 0 
22-57-19.080000,S 1 	RSSI: 53
22-57-19.083000,[R]: 50 
22-57-19.093000,[R]: 0 
22-57-19.102000,S 1 	RSSI: 53
22-57-19.103000,[R]: 50 
22-57-19.113000,[R]: 0 
22-57-19.120000,S 1 	RSSI: 53
22-57-19.123000,[R]: 50 
22-57-19.133000,[R]: 0 
22-57-19.141000,S 1 	RSSI: 53
22-57-19.144000,[R]: 50 
22-57-19.153000,[R]: 0 
22-57-19.160000,S 1 	RSSI: 53
22-57-19.164000,[R]: 50 
22-57-19.173000,[R]: 0 
22-57-19.180000,S 1 	RSSI: 53
22-57-19.183000,[R]: 50 
22-57-19.187000,S 1 	RSSI: 53
22-57-19.193000,[R]: 0 
22-57-19.200000,S 1 	RSSI: 53
22-57-19.207000,[R]: 50 
22-57-19.208000,[R]: 0 
22-57-19.214000,[R]: 0 
22-57-19.221000,S 1 	RSSI: 53
22-57-19.223000,[R]: 50 
22-57-19.234000,[R]: 0 
22-57-19.241000,S 1 	RSSI: 53
22-57-19.244000,[R]: 50 
22-57-19.254000,[R]: 0 
22-57-19.261000,S 1 	RSSI: 53
22-57-19.264000,[R]: 50 
22-57-19.274000,[R]: 0 
22-57-19.281000,S 1 	RSSI: 53
22-57-19.284000,[R]: 50 
22-57-19.288000,S 1 	RSSI: 53
22-57-19.294000,[R]: 0 
22-57-19.301000,S 1 	RSSI: 53
22-57-19.304000,[R]: 50 
22-57-19.304000,[R]: 0 
22-57-19.314000,[R]: 0 
22-57-19.321000,S 1 	RSSI: 53
22-57-19.324000,[R]: 50 
22-57-19.334000,[R]: 0 
22-57-19.341000,S 1 	RSSI: 53
22-57-19.344000,[R]: 50 
22-57-19.354000,[R]: 0 
22-57-19.362000,S 1 	RSSI: 53
22-57-19.364000,[R]: 50 
22-57-19.374000,[R]: 0 
22-57-19.380000,S 1 	RSSI: 53
22-57-19.383000,[R]: 50 
22-57-19.384000,[R]: 0 
22-57-19.393000,[R]: 0 
22-57-19.400000,S 1 	RSSI: 53
22-57-19.403000,[R]: 50 
22-57-19.413000,[R]: 0 
22-57-19.420000,S 1 	RSSI: 53
22-57-19.423000,[R]: 50 
22-57-19.433000,[R]: 0 
22-57-19.441000,S 1 	RSSI: 53
22-57-19.443000,[R]: 50 
22-57-19.453000,[R]: 0 
22-57-19.460000,S 1 	RSSI: 52
22-57-19.463000,[R]: 50 
22-57-19.473000,[R]: 0 
22-57-19.480000,S 1 	RSSI: 52
22-57-19.483000,[R]: 50 
22-57-19.493000,[R]: 0 
22-57-19.502000,S 1 	RSSI: 52
22-57-19.503000,[R]: 50 
22-57-19.513000,[R]: 0 
22-57-19.520000,S 1 	RSSI: 51
22-57-19.523000,[R]: 50 
22-57-19.524000,[R]: 0 
22-57-19.533000,[R]: 0 
22-57-19.541000,S 1 	RSSI: 51
22-57-19.543000,[R]: 50 
22-57-19.553000,[R]: 0 
22-57-19.561000,S 1 	RSSI: 51
22-57-19.563000,[R]: 50 
22-57-19.573000,[R]: 0 
22-57-19.581000,S 1 	RSSI: 51
22-57-19.583000,[R]: 50 
22-57-19.593000,[R]: 0 
22-57-19.601000,S 1 	RSSI: 51
22-57-19.603000,[R]: 50 
22-57-19.613000,[R]: 0 
22-57-19.621000,S 1 	RSSI: 51
22-57-19.623000,[R]: 50 
22-57-19.633000,[R]: 0 
22-57-19.641000,S 1 	RSSI: 51
22-57-19.644000,[R]: 50 
22-57-19.654000,[R]: 0 
22-57-19.661000,S 1 	RSSI: 51
22-57-19.664000,[R]: 50 
22-57-19.664000,[R]: 0 
22-57-19.674000,[R]: 0 
22-57-19.681000,S 1 	RSSI: 51
22-57-19.684000,[R]: 50 
22-57-19.694000,[R]: 0 
22-57-19.701000,S 1 	RSSI: 52
22-57-19.704000,[R]: 50 
22-57-19.714000,[R]: 0 
22-57-19.721000,S 1 	RSSI: 52
22-57-19.724000,[R]: 50 
22-57-19.734000,[R]: 0 
22-57-19.741000,S 1 	RSSI: 52
22-57-19.744000,[R]: 50 
22-57-19.745000,[R]: 0 
22-57-19.753000,[R]: 0 
22-57-19.760000,S 1 	RSSI: 52
22-57-19.763000,[R]: 50 
22-57-19.773000,[R]: 0 
22-57-19.780000,S 1 	RSSI: 52
22-57-19.783000,[R]: 50 
22-57-19.793000,[R]: 0 
22-57-19.800000,S 1 	RSSI: 52
22-57-19.803000,[R]: 50 
22-57-19.813000,[R]: 0 
22-57-19.820000,S 1 	RSSI: 53
22-57-19.823000,[R]: 50 
22-57-19.833000,[R]: 0 
22-57-19.840000,S 1 	RSSI: 52
22-57-19.843000,[R]: 50 
22-57-19.853000,[R]: 0 
22-57-19.860000,S 1 	RSSI: 52
22-57-19.863000,[R]: 50 
22-57-19.873000,[R]: 0 
22-57-19.880000,S 1 	RSSI: 52
22-57-19.883000,[R]: 50 
22-57-19.884000,[R]: 0 
22-57-19.893000,[R]: 0 
22-57-19.901000,S 1 	RSSI: 52
22-57-19.903000,[R]: 50 
22-57-19.913000,[R]: 0 
22-57-19.920000,S 1 	RSSI: 52
22-57-19.923000,[R]: 50 
22-57-19.933000,[R]: 0 
22-57-19.940000,S 1 	RSSI: 52
22-57-19.943000,[R]: 50 
22-57-19.953000,[R]: 0 
22-57-19.960000,S 1 	RSSI: 52
22-57-19.963000,[R]: 50 
22-57-19.964000,[R]: 0 
22-57-19.973000,[R]: 0 
22-57-19.981000,S 1 	RSSI: 52
22-57-19.983000,[R]: 50 
22-57-19.993000,[R]: 0 
22-57-20.001000,S 1 	RSSI: 52
22-57-20.004000,[R]: 50 
22-57-20.008000,S 1 	RSSI: 52
22-57-20.014000,[R]: 0 
22-57-20.021000,S 1 	RSSI: 52
22-57-20.024000,[R]: 50 
22-57-20.034000,[R]: 0 
22-57-20.041000,S 1 	RSSI: 52
22-57-20.044000,[R]: 50 
22-57-20.054000,[R]: 0 
22-57-20.061000,S 1 	RSSI: 51
22-57-20.064000,[R]: 50 
22-57-20.066000,[R]: 0 
22-57-20.074000,[R]: 0 
22-57-20.081000,S 1 	RSSI: 51
22-57-20.084000,[R]: 50 
22-57-20.094000,[R]: 0 
22-57-20.101000,S 1 	RSSI: 51
22-57-20.104000,[R]: 50 
22-57-20.114000,[R]: 0 
22-57-20.121000,S 1 	RSSI: 53
22-57-20.123000,[R]: 50 
22-57-20.133000,[R]: 0 
22-57-20.140000,S 1 	RSSI: 52
22-57-20.143000,[R]: 50 
22-57-20.144000,[R]: 0 
22-57-20.153000,[R]: 0 
22-57-20.160000,S 1 	RSSI: 52
22-57-20.163000,[R]: 50 
22-57-20.173000,[R]: 0 
22-57-20.180000,S 1 	RSSI: 52
22-57-20.183000,[R]: 50 
22-57-20.193000,[R]: 0 
22-57-20.200000,S 1 	RSSI: 53
22-57-20.203000,[R]: 50 
22-57-20.213000,[R]: 0 
22-57-20.223000,[R]: 50 
22-57-20.223000,[R]: 0 
22-57-20.233000,[R]: 0 
22-57-20.240000,S 1 	RSSI: 53
22-57-20.243000,[R]: 50 
22-57-20.253000,[R]: 0 
22-57-20.260000,S 1 	RSSI: 53
22-57-20.263000,[R]: 50 
22-57-20.273000,[R]: 0 
22-57-20.280000,S 1 	RSSI: 53
22-57-20.283000,[R]: 50 
22-57-20.293000,[R]: 0 
22-57-20.300000,S 1 	RSSI: 53
22-57-20.303000,[R]: 50 
22-57-20.304000,[R]: 0 
22-57-20.313000,[R]: 0 
22-57-20.321000,S 1 	RSSI: 53
22-57-20.323000,[R]: 50 
22-57-20.333000,[R]: 0 
22-57-20.340000,S 1 	RSSI: 53
22-57-20.343000,[R]: 50 
22-57-20.353000,[R]: 0 
22-57-20.361000,S 1 	RSSI: 53
22-57-20.363000,[R]: 50 
22-57-20.373000,[R]: 0 
22-57-20.380000,S 1 	RSSI: 53
22-57-20.384000,[R]: 50 
22-57-20.384000,[R]: 0 
22-57-20.394000,[R]: 0 
22-57-20.401000,S 1 	RSSI: 54
22-57-20.404000,[R]: 50 
22-57-20.414000,[R]: 0 
22-57-20.421000,S 1 	RSSI: 54
22-57-20.424000,[R]: 50 
22-57-20.434000,[R]: 0 
22-57-20.441000,S 1 	RSSI: 54
22-57-20.444000,[R]: 50 
22-57-20.444000,[R]: 0 
22-57-20.454000,[R]: 0 
22-57-20.461000,S 1 	RSSI: 54
22-57-20.464000,[R]: 50 
22-57-20.474000,[R]: 0 
22-57-20.481000,S 1 	RSSI: 54
22-57-20.484000,[R]: 50 
22-57-20.494000,[R]: 0 
22-57-20.500000,S 1 	RSSI: 55
22-57-20.503000,[R]: 50 
22-57-20.513000,[R]: 0 
22-57-20.520000,S 1 	RSSI: 55
22-57-20.523000,[R]: 50 
22-57-20.523000,[R]: 0 
22-57-20.533000,[R]: 0 
22-57-20.543000,[R]: 50 
22-57-20.543000,[R]: 0 
22-57-20.553000,[R]: 0 
22-57-20.560000,S 1 	RSSI: 55
22-57-20.563000,[R]: 50 
22-57-20.573000,[R]: 0 
22-57-20.580000,S 1 	RSSI: 55
22-57-20.583000,[R]: 50 
22-57-20.593000,[R]: 0 
22-57-20.600000,S 1 	RSSI: 55
22-57-20.603000,[R]: 50 
22-57-20.613000,[R]: 0 
22-57-20.620000,S 1 	RSSI: 55
22-57-20.623000,[R]: 50 
22-57-20.624000,[R]: 0 
22-57-20.633000,[R]: 0 
22-57-20.644000,S 1 	RSSI: 55
22-57-20.644000,[R]: 50 
22-57-20.653000,[R]: 0 
22-57-20.660000,S 1 	RSSI: 55
22-57-20.663000,[R]: 50 
22-57-20.673000,[R]: 0 
22-57-20.680000,S 1 	RSSI: 54
22-57-20.683000,[R]: 50 
22-57-20.693000,[R]: 0 
22-57-20.700000,S 1 	RSSI: 54
22-57-20.703000,[R]: 50 
22-57-20.706000,[R]: 0 
22-57-20.713000,[R]: 0 
22-57-20.721000,S 1 	RSSI: 54
22-57-20.723000,[R]: 50 
22-57-20.733000,[R]: 0 
22-57-20.740000,S 1 	RSSI: 54
22-57-20.744000,[R]: 50 
22-57-20.753000,[R]: 0 
22-57-20.760000,S 1 	RSSI: 54
22-57-20.763000,[R]: 50 
22-57-20.774000,[R]: 0 
22-57-20.781000,S 1 	RSSI: 53
22-57-20.784000,[R]: 50 
22-57-20.791000,[R]: 0 
22-57-20.794000,[R]: 0 
22-57-20.801000,S 1 	RSSI: 53
22-57-20.804000,[R]: 50 
22-57-20.814000,[R]: 0 
22-57-20.821000,S 1 	RSSI: 53
22-57-20.824000,[R]: 50 
22-57-20.834000,[R]: 0 
22-57-20.841000,S 1 	RSSI: 53
22-57-20.844000,[R]: 50 
22-57-20.854000,[R]: 0 
22-57-20.861000,S 1 	RSSI: 53
22-57-20.864000,[R]: 50 
22-57-20.865000,[R]: 0 
22-57-20.873000,[R]: 0 
22-57-20.880000,S 1 	RSSI: 53
22-57-20.883000,[R]: 50 
22-57-20.893000,[R]: 0 
22-57-20.900000,S 1 	RSSI: 53
22-57-20.903000,[R]: 50 
22-57-20.913000,[R]: 0 
22-57-20.920000,S 1 	RSSI: 53
22-57-20.923000,[R]: 50 
22-57-20.933000,[R]: 0 
22-57-20.940000,S 1 	RSSI: 53
22-57-20.943000,[R]: 50 
22-57-20.943000,[R]: 0 
22-57-20.953000,[R]: 0 
22-57-20.960000,S 1 	RSSI: 53
22-57-20.963000,[R]: 50 
22-57-20.973000,[R]: 0 
22-57-20.980000,S 1 	RSSI: 53
22-57-20.983000,[R]: 50 
22-57-20.993000,[R]: 0 
22-57-21.000000,S 1 	RSSI: 53
22-57-21.003000,[R]: 50 
22-57-21.007000,S 1 	RSSI: 53
22-57-21.013000,[R]: 0 
22-57-21.021000,S 1 	RSSI: 53
22-57-21.023000,[R]: 50 
22-57-21.033000,[R]: 0 
22-57-21.040000,S 1 	RSSI: 53
22-57-21.043000,[R]: 50 
22-57-21.053000,[R]: 0 
22-57-21.060000,S 1 	RSSI: 53
22-57-21.064000,[R]: 50 
22-57-21.073000,[R]: 0 
22-57-21.081000,S 1 	RSSI: 53
22-57-21.083000,[R]: 50 
22-57-21.093000,[R]: 0 
22-57-21.100000,S 1 	RSSI: 53
22-57-21.103000,[R]: 50 
22-57-21.113000,[R]: 0 
22-57-21.120000,S 1 	RSSI: 53
22-57-21.124000,[R]: 50 
22-57-21.124000,[R]: 0 
22-57-21.133000,[R]: 0 
22-57-21.140000,S 1 	RSSI: 53
22-57-21.144000,[R]: 50 
22-57-21.154000,[R]: 0 
22-57-21.161000,S 1 	RSSI: 53
22-57-21.164000,[R]: 50 
22-57-21.174000,[R]: 0 
22-57-21.181000,S 1 	RSSI: 52
22-57-21.183000,[R]: 50 
22-57-21.194000,[R]: 0 
22-57-21.201000,S 1 	RSSI: 52
22-57-21.204000,[R]: 50 
22-57-21.207000,[R]: 0 
22-57-21.214000,[R]: 0 
22-57-21.222000,S 1 	RSSI: 52
22-57-21.224000,[R]: 50 
22-57-21.234000,[R]: 0 
22-57-21.241000,S 1 	RSSI: 52
22-57-21.244000,[R]: 50 
22-57-21.253000,[R]: 0 
22-57-21.260000,S 1 	RSSI: 52
22-57-21.263000,[R]: 50 
22-57-21.273000,[R]: 0 
22-57-21.280000,S 1 	RSSI: 52
22-57-21.283000,[R]: 50 
22-57-21.293000,[R]: 0 
22-57-21.300000,S 1 	RSSI: 53
22-57-21.303000,[R]: 50 
22-57-21.313000,[R]: 0 
22-57-21.320000,S 1 	RSSI: 53
22-57-21.322000,[R]: 50 
22-57-21.333000,[R]: 0 
22-57-21.340000,S 1 	RSSI: 53
22-57-21.343000,[R]: 50 
22-57-21.347000,[R]: 0 
22-57-21.353000,[R]: 0 
22-57-21.360000,S 1 	RSSI: 53
22-57-21.363000,[R]: 50 
22-57-21.373000,[R]: 0 
22-57-21.380000,S 1 	RSSI: 53
22-57-21.383000,[R]: 50 
22-57-21.393000,[R]: 0 
22-57-21.400000,S 1 	RSSI: 53
22-57-21.403000,[R]: 50 
22-57-21.413000,[R]: 0 
22-57-21.420000,S 1 	RSSI: 53
22-57-21.423000,[R]: 50 
22-57-21.426000,[R]: 0 
22-57-21.433000,[R]: 0 
22-57-21.440000,S 1 	RSSI: 53
22-57-21.443000,[R]: 50 
22-57-21.453000,[R]: 0 
22-57-21.460000,S 1 	RSSI: 53
22-57-21.463000,[R]: 50 
22-57-21.480000,S 1 	RSSI: 53
22-57-21.483000,[R]: 50 
22-57-21.493000,[R]: 0 
22-57-21.501000,S 1 	RSSI: 53
22-57-21.504000,[R]: 50 
22-57-21.514000,[R]: 0 
22-57-21.521000,S 1 	RSSI: 53
22-57-21.523000,[R]: 50 
22-57-21.534000,[R]: 0 
22-57-21.541000,S 1 	RSSI: 53
22-57-21.543000,[R]: 50 
22-57-21.554000,[R]: 0 
22-57-21.561000,S 1 	RSSI: 53
22-57-21.564000,[R]: 50 
22-57-21.568000,[R]: 0 
22-57-21.574000,[R]: 0 
22-57-21.581000,S 1 	RSSI: 53
22-57-21.584000,[R]: 50 
22-57-21.594000,[R]: 0 
22-57-21.601000,S 1 	RSSI: 53
22-57-21.603000,[R]: 50 
22-57-21.614000,[R]: 0 
22-57-21.620000,S 1 	RSSI: 53
22-57-21.622000,[R]: 50 
22-57-21.633000,[R]: 0 
22-57-21.642000,S 1 	RSSI: 53
22-57-21.643000,[R]: 50 
22-57-21.643000,[R]: 0 
22-57-21.653000,[R]: 0 
22-57-21.660000,S 1 	RSSI: 53
22-57-21.663000,[R]: 50 
22-57-21.667000,[R]: 0 
22-57-21.673000,[R]: 0 
22-57-21.680000,S 1 	RSSI: 54
22-57-21.683000,[R]: 50 
22-57-21.693000,[R]: 0 
22-57-21.700000,S 1 	RSSI: 53
22-57-21.703000,[R]: 50 
22-57-21.713000,[R]: 0 
22-57-21.720000,S 1 	RSSI: 53
22-57-21.723000,[R]: 50 
22-57-21.733000,[R]: 0 
22-57-21.740000,S 1 	RSSI: 53
22-57-21.743000,[R]: 50 
22-57-21.743000,[R]: 0 
22-57-21.754000,[R]: 0 
22-57-21.760000,S 1 	RSSI: 53
22-57-21.763000,[R]: 50 
22-57-21.773000,[R]: 0 
22-57-21.780000,S 1 	RSSI: 53
22-57-21.783000,[R]: 50 
22-57-21.793000,[R]: 0 
22-57-21.800000,S 1 	RSSI: 53
22-57-21.805000,[R]: 50 
22-57-21.813000,[R]: 0 
22-57-21.820000,S 1 	RSSI: 53
22-57-21.823000,[R]: 50 
22-57-21.825000,[R]: 0 
22-57-21.833000,[R]: 0 
22-57-21.840000,S 1 	RSSI: 53
22-57-21.843000,[R]: 50 
22-57-21.854000,[R]: 0 
22-57-21.860000,S 1 	RSSI: 53
22-57-21.863000,[R]: 50 
22-57-21.873000,[R]: 0 
22-57-21.881000,S 1 	RSSI: 53
22-57-21.883000,[R]: 50 
22-57-21.901000,S 1 	RSSI: 53
22-57-21.904000,[R]: 50 
22-57-21.905000,[R]: 0 
22-57-21.915000,[R]: 0 
22-57-21.921000,S 1 	RSSI: 53
22-57-21.924000,[R]: 50 
22-57-21.934000,[R]: 0 
22-57-21.940000,S 1 	RSSI: 53
22-57-21.943000,[R]: 50 
22-57-21.954000,[R]: 0 
22-57-21.961000,S 1 	RSSI: 54
22-57-21.964000,[R]: 50 
22-57-21.974000,[R]: 0 
22-57-21.981000,S 1 	RSSI: 53
22-57-21.984000,[R]: 50 
22-57-21.984000,[R]: 0 
22-57-21.993000,[R]: 0 
22-57-22.000000,S 1 	RSSI: 53
22-57-22.004000,[R]: 50 
22-57-22.013000,[R]: 0 
22-57-22.022000,[R]: 50 
22-57-22.033000,[R]: 0 
22-57-22.039000,S 1 	RSSI: 53
22-57-22.043000,[R]: 50 
22-57-22.044000,[R]: 0 
22-57-22.053000,[R]: 0 
22-57-22.060000,S 1 	RSSI: 53
22-57-22.063000,[R]: 50 
22-57-22.073000,[R]: 0 
22-57-22.080000,S 1 	RSSI: 53
22-57-22.082000,[R]: 50 
22-57-22.093000,[R]: 0 
22-57-22.100000,S 1 	RSSI: 53
22-57-22.102000,[R]: 50 
22-57-22.113000,[R]: 0 
22-57-22.120000,S 1 	RSSI: 53
22-57-22.123000,[R]: 50 
22-57-22.123000,[R]: 0 
22-57-22.133000,[R]: 0 
22-57-22.140000,S 1 	RSSI: 53
22-57-22.144000,[R]: 50 
22-57-22.153000,[R]: 0 
22-57-22.160000,S 1 	RSSI: 53
22-57-22.163000,[R]: 50 
22-57-22.173000,[R]: 0 
22-57-22.180000,S 1 	RSSI: 53
22-57-22.183000,[R]: 50 
22-57-22.193000,[R]: 0 
22-57-22.200000,S 1 	RSSI: 53
22-57-22.203000,[R]: 50 
22-57-22.207000,S 1 	RSSI: 53
22-57-22.213000,[R]: 0 
22-57-22.221000,S 1 	RSSI: 53
22-57-22.223000,[R]: 50 
22-57-22.240000,S 1 	RSSI: 54
22-57-22.244000,[R]: 50 
22-57-22.253000,[R]: 0 
22-57-22.260000,S 1 	RSSI: 53
22-57-22.264000,[R]: 50 
22-57-22.274000,[R]: 0 
22-57-22.281000,S 1 	RSSI: 54
22-57-22.283000,[R]: 50 
22-57-22.294000,[R]: 0 
22-57-22.301000,S 1 	RSSI: 54
22-57-22.304000,[R]: 50 
22-57-22.304000,[R]: 0 
22-57-22.314000,[R]: 0 
22-57-22.321000,S 1 	RSSI: 54
22-57-22.324000,[R]: 50 
22-57-22.334000,[R]: 0 
22-57-22.340000,S 1 	RSSI: 54
22-57-22.343000,[R]: 50 
22-57-22.354000,[R]: 0 
22-57-22.361000,S 1 	RSSI: 54
22-57-22.363000,[R]: 50 
22-57-22.373000,[R]: 0 
22-57-22.380000,S 1 	RSSI: 54
22-57-22.382000,[R]: 50 
22-57-22.393000,[R]: 0 
22-57-22.400000,S 1 	RSSI: 54
22-57-22.403000,[R]: 50 
22-57-22.403000,[R]: 0 
22-57-22.413000,[R]: 0 
22-57-22.420000,S 1 	RSSI: 54
22-57-22.423000,[R]: 50 
22-57-22.433000,[R]: 0 
22-57-22.439000,S 1 	RSSI: 54
22-57-22.442000,[R]: 50 
22-57-22.453000,[R]: 0 
22-57-22.460000,S 1 	RSSI: 54
22-57-22.462000,[R]: 50 
22-57-22.473000,[R]: 0 
22-57-22.480000,S 1 	RSSI: 54
22-57-22.490000,[R]: 50 
22-57-22.493000,[R]: 0 
22-57-22.494000,[R]: 0 
22-57-22.500000,S 1 	RSSI: 55
22-57-22.503000,[R]: 50 
22-57-22.513000,[R]: 0 
22-57-22.520000,S 1 	RSSI: 54
22-57-22.523000,[R]: 50 
22-57-22.533000,[R]: 0 
22-57-22.540000,S 1 	RSSI: 54
22-57-22.543000,[R]: 50 
22-57-22.557000,[R]: 0 
22-57-22.588000,S 1 	RSSI: 54
22-57-22.591000,[R]: 50 
22-57-22.592000,[R]: 0 
22-57-22.592000,S 1 	RSSI: 54
22-57-22.593000,[R]: 50 
22-57-22.593000,[R]: 0 
22-57-22.598000,[R]: 0 
22-57-22.601000,S 1 	RSSI: 54
22-57-22.603000,[R]: 50 
22-57-22.614000,[R]: 0 
22-57-22.621000,S 1 	RSSI: 54
22-57-22.623000,[R]: 50 
22-57-22.634000,[R]: 0 
22-57-22.641000,S 1 	RSSI: 54
22-57-22.643000,[R]: 50 
22-57-22.654000,[R]: 0 
22-57-22.661000,S 1 	RSSI: 54
22-57-22.663000,[R]: 50 
22-57-22.674000,[R]: 0 
22-57-22.681000,S 1 	RSSI: 54
22-57-22.684000,[R]: 50 
22-57-22.694000,[R]: 0 
22-57-22.701000,S 1 	RSSI: 53
22-57-22.704000,[R]: 50 
22-57-22.704000,[R]: 0 
22-57-22.714000,[R]: 0 
22-57-22.721000,S 1 	RSSI: 53
22-57-22.723000,[R]: 50 
22-57-22.734000,[R]: 0 
22-57-22.740000,S 1 	RSSI: 53
22-57-22.743000,[R]: 50 
22-57-22.746000,S 1 	RSSI: 53
22-57-22.753000,[R]: 0 
22-57-22.762000,[R]: 50 
22-57-22.763000,[R]: 0 
22-57-22.773000,[R]: 0 
22-57-22.780000,S 1 	RSSI: 54
22-57-22.783000,[R]: 50 
22-57-22.793000,[R]: 0 
22-57-22.800000,S 1 	RSSI: 53
22-57-22.802000,[R]: 50 
22-57-22.813000,[R]: 0 
22-57-22.820000,S 1 	RSSI: 53
22-57-22.822000,[R]: 50 
22-57-22.833000,[R]: 0 
22-57-22.839000,S 1 	RSSI: 53
22-57-22.843000,[R]: 50 
22-57-22.847000,[R]: 0 
22-57-22.853000,[R]: 0 
22-57-22.860000,S 1 	RSSI: 53
22-57-22.863000,[R]: 50 
22-57-22.873000,[R]: 0 
22-57-22.880000,S 1 	RSSI: 52
22-57-22.883000,[R]: 50 
22-57-22.893000,[R]: 0 
22-57-22.900000,S 1 	RSSI: 53
22-57-22.903000,[R]: 50 
22-57-22.914000,[R]: 0 
22-57-22.920000,S 1 	RSSI: 53
22-57-22.922000,[R]: 50 
22-57-22.940000,S 1 	RSSI: 53
22-57-22.943000,[R]: 50 
22-57-22.943000,[R]: 0 
22-57-22.953000,[R]: 0 
22-57-22.960000,S 1 	RSSI: 53
22-57-22.963000,[R]: 50 
22-57-22.973000,[R]: 0 
22-57-22.980000,S 1 	RSSI: 52
22-57-22.983000,[R]: 50 
22-57-22.993000,[R]: 0 
22-57-23.000000,S 1 	RSSI: 53
22-57-23.005000,[R]: 50 
22-57-23.014000,[R]: 0 
22-57-23.020000,S 1 	RSSI: 53
22-57-23.023000,[R]: 50 
22-57-23.024000,[R]: 0 
22-57-23.034000,[R]: 0 
22-57-23.041000,S 1 	RSSI: 53
22-57-23.043000,[R]: 50 
22-57-23.054000,[R]: 0 
22-57-23.060000,S 1 	RSSI: 53
22-57-23.063000,[R]: 50 
22-57-23.074000,[R]: 0 
22-57-23.081000,S 1 	RSSI: 53
22-57-23.084000,[R]: 50 
22-57-23.093000,[R]: 0 
22-57-23.100000,S 1 	RSSI: 53
22-57-23.103000,[R]: 50 
22-57-23.104000,[R]: 0 
22-57-23.114000,[R]: 0 
22-57-23.120000,S 1 	RSSI: 51
22-57-23.122000,[R]: 50 
22-57-23.133000,[R]: 0 
22-57-23.139000,S 1 	RSSI: 51
22-57-23.142000,[R]: 50 
22-57-23.152000,[R]: 0 
22-57-23.160000,S 1 	RSSI: 51
22-57-23.162000,[R]: 50 
22-57-23.173000,[R]: 0 
22-57-23.179000,S 1 	RSSI: 51
22-57-23.183000,[R]: 50 
22-57-23.186000,[R]: 0 
22-57-23.193000,[R]: 0 
22-57-23.200000,S 1 	RSSI: 51
22-57-23.203000,[R]: 50 
22-57-23.213000,[R]: 0 
22-57-23.219000,S 1 	RSSI: 51
22-57-23.222000,[R]: 50 
22-57-23.232000,[R]: 0 
22-57-23.240000,S 1 	RSSI: 51
22-57-23.242000,[R]: 50 
22-57-23.253000,[R]: 0 
22-57-23.260000,S 1 	RSSI: 51
22-57-23.263000,[R]: 50 
22-57-23.263000,[R]: 0 
22-57-23.273000,[R]: 0 
22-57-23.280000,S 1 	RSSI: 51
22-57-23.283000,[R]: 50 
22-57-23.293000,[R]: 0 
22-57-23.300000,S 1 	RSSI: 51
22-57-23.303000,[R]: 50 
22-57-23.313000,[R]: 0 
22-57-23.320000,S 1 	RSSI: 51
22-57-23.323000,[R]: 50 
22-57-23.327000,S 1 	RSSI: 51
22-57-23.340000,S 1 	RSSI: 51
22-57-23.343000,[R]: 50 
22-57-23.354000,[R]: 0 
22-57-23.360000,S 1 	RSSI: 51
22-57-23.363000,[R]: 50 
22-57-23.374000,[R]: 0 
22-57-23.382000,S 1 	RSSI: 51
22-57-23.384000,[R]: 50 
22-57-23.393000,[R]: 0 
22-57-23.401000,S 1 	RSSI: 51
22-57-23.406000,[R]: 50 
22-57-23.414000,[R]: 0 
22-57-23.420000,S 1 	RSSI: 51
22-57-23.423000,[R]: 50 
22-57-23.434000,[R]: 0 
22-57-23.440000,S 1 	RSSI: 51
22-57-23.443000,[R]: 50 
22-57-23.454000,[R]: 0 
22-57-23.460000,S 1 	RSSI: 51
22-57-23.463000,[R]: 50 
22-57-23.474000,[R]: 0 
22-57-23.480000,S 1 	RSSI: 51
22-57-23.483000,[R]: 50 
22-57-23.484000,[R]: 0 
22-57-23.493000,[R]: 0 
22-57-23.499000,S 1 	RSSI: 50
22-57-23.503000,[R]: 50 
22-57-23.513000,[R]: 0 
22-57-23.519000,S 1 	RSSI: 50
22-57-23.522000,[R]: 50 
22-57-23.533000,[R]: 0 
22-57-23.539000,S 1 	RSSI: 50
22-57-23.542000,[R]: 50 
22-57-23.552000,[R]: 0 
22-57-23.559000,S 1 	RSSI: 50
22-57-23.563000,[R]: 50 
22-57-23.564000,[R]: 0 
22-57-23.572000,[R]: 0 
22-57-23.580000,S 1 	RSSI: 50
22-57-23.582000,[R]: 50 
22-57-23.593000,[R]: 0 
22-57-23.600000,S 1 	RSSI: 51
22-57-23.602000,[R]: 50 
22-57-23.613000,[R]: 0 
22-57-23.620000,S 1 	RSSI: 50
22-57-23.622000,[R]: 50 
22-57-23.633000,[R]: 0 
22-57-23.640000,S 1 	RSSI: 50
22-57-23.643000,[R]: 50 
22-57-23.653000,[R]: 0 
22-57-23.660000,S 1 	RSSI: 50
22-57-23.662000,[R]: 50 
22-57-23.673000,[R]: 0 
22-57-23.680000,S 1 	RSSI: 50
22-57-23.683000,[R]: 50 
22-57-23.693000,[R]: 0 
22-57-23.700000,S 1 	RSSI: 50
22-57-23.703000,[R]: 50 
22-57-23.703000,[R]: 0 
22-57-23.713000,[R]: 0 
22-57-23.720000,S 1 	RSSI: 50
22-57-23.723000,[R]: 50 
22-57-23.733000,[R]: 0 
22-57-23.740000,S 1 	RSSI: 50
22-57-23.743000,[R]: 50 
22-57-23.753000,[R]: 0 
22-57-23.760000,S 1 	RSSI: 50
22-57-23.763000,[R]: 50 
22-57-23.774000,[R]: 0 
22-57-23.780000,S 1 	RSSI: 50
22-57-23.783000,[R]: 50 
22-57-23.791000,[R]: 0 
22-57-23.793000,[R]: 0 
22-57-23.801000,S 1 	RSSI: 50
22-57-23.804000,[R]: 50 
22-57-23.814000,[R]: 0 
22-57-23.821000,S 1 	RSSI: 50
22-57-23.823000,[R]: 50 
22-57-23.834000,[R]: 0 
22-57-23.840000,S 1 	RSSI: 50
22-57-23.843000,[R]: 50 
22-57-23.854000,[R]: 0 
22-57-23.860000,S 1 	RSSI: 49
22-57-23.862000,[R]: 50 
22-57-23.873000,[R]: 0 
22-57-23.879000,S 1 	RSSI: 50
22-57-23.882000,[R]: 50 
22-57-23.893000,[R]: 0 
22-57-23.899000,S 1 	RSSI: 50
22-57-23.902000,[R]: 50 
22-57-23.913000,[R]: 0 
22-57-23.919000,S 1 	RSSI: 50
22-57-23.922000,[R]: 50 
22-57-23.923000,[R]: 0 
22-57-23.932000,[R]: 0 
22-57-23.940000,S 1 	RSSI: 50
22-57-23.942000,[R]: 50 
22-57-23.953000,[R]: 0 
22-57-23.959000,S 1 	RSSI: 50
22-57-23.962000,[R]: 50 
22-57-23.973000,[R]: 0 
22-57-23.980000,S 1 	RSSI: 50
22-57-23.982000,[R]: 50 
22-57-23.992000,[R]: 0 
22-57-24.000000,S 1 	RSSI: 50
22-57-24.003000,[R]: 50 
22-57-24.003000,[R]: 0 
22-57-24.012000,[R]: 0 
22-57-24.020000,S 1 	RSSI: 49
22-57-24.023000,[R]: 50 
22-57-24.033000,[R]: 0 
22-57-24.040000,S 1 	RSSI: 49
22-57-24.043000,[R]: 50 
22-57-24.053000,[R]: 0 
22-57-24.060000,S 1 	RSSI: 49
22-57-24.063000,[R]: 50 
22-57-24.073000,[R]: 0 
22-57-24.080000,S 1 	RSSI: 49
22-57-24.083000,[R]: 50 
22-57-24.093000,[R]: 0 
22-57-24.100000,S 1 	RSSI: 49
22-57-24.103000,[R]: 50 
22-57-24.114000,[R]: 0 
22-57-24.123000,[R]: 50 
22-57-24.123000,[R]: 0 
22-57-24.134000,[R]: 0 
22-57-24.140000,S 1 	RSSI: 49
22-57-24.143000,[R]: 50 
22-57-24.153000,[R]: 0 
22-57-24.160000,S 1 	RSSI: 49
22-57-24.163000,[R]: 50 
22-57-24.173000,[R]: 0 
22-57-24.180000,S 1 	RSSI: 49
22-57-24.183000,[R]: 50 
22-57-24.193000,[R]: 0 
22-57-24.200000,S 1 	RSSI: 49
22-57-24.203000,[R]: 50 
22-57-24.213000,[R]: 0 
22-57-24.220000,S 1 	RSSI: 49
22-57-24.223000,[R]: 50 
22-57-24.225000,[R]: 0 
22-57-24.233000,[R]: 0 
22-57-24.239000,S 1 	RSSI: 49
22-57-24.242000,[R]: 50 
22-57-24.252000,[R]: 0 
22-57-24.259000,S 1 	RSSI: 49
22-57-24.262000,[R]: 50 
22-57-24.272000,[R]: 0 
22-57-24.279000,S 1 	RSSI: 49
22-57-24.282000,[R]: 50 
22-57-24.293000,[R]: 0 
22-57-24.299000,S 1 	RSSI: 49
22-57-24.302000,[R]: 50 
22-57-24.306000,S 1 	RSSI: 49
22-57-24.312000,[R]: 0 
22-57-24.319000,S 1 	RSSI: 49
22-57-24.323000,[R]: 50 
22-57-24.324000,[R]: 0 
22-57-24.332000,[R]: 0 
22-57-24.340000,S 1 	RSSI: 48
22-57-24.342000,[R]: 50 
22-57-24.353000,[R]: 0 
22-57-24.360000,S 1 	RSSI: 48
22-57-24.362000,[R]: 50 
22-57-24.372000,[R]: 0 
22-57-24.380000,S 1 	RSSI: 48
22-57-24.382000,[R]: 50 
22-57-24.386000,S 1 	RSSI: 48
22-57-24.393000,[R]: 0 
22-57-24.400000,S 1 	RSSI: 48
22-57-24.402000,[R]: 50 
22-57-24.407000,S 1 	RSSI: 48
22-57-24.413000,[R]: 0 
22-57-24.423000,[R]: 50 
22-57-24.433000,[R]: 0 
22-57-24.440000,S 1 	RSSI: 48
22-57-24.443000,[R]: 50 
22-57-24.453000,[R]: 0 
22-57-24.460000,S 1 	RSSI: 48
22-57-24.463000,[R]: 50 
22-57-24.473000,[R]: 0 
22-57-24.480000,S 1 	RSSI: 48
22-57-24.483000,[R]: 50 
22-57-24.493000,[R]: 0 
22-57-24.500000,S 1 	RSSI: 48
22-57-24.503000,[R]: 50 
22-57-24.514000,[R]: 0 
22-57-24.520000,S 1 	RSSI: 48
22-57-24.523000,[R]: 50 
22-57-24.533000,[R]: 0 
22-57-24.540000,S 1 	RSSI: 48
22-57-24.543000,[R]: 50 
22-57-24.553000,[R]: 0 
22-57-24.560000,S 1 	RSSI: 48
22-57-24.563000,[R]: 50 
22-57-24.574000,[R]: 0 
22-57-24.576000,[R]: 0 
22-57-24.580000,S 1 	RSSI: 48
22-57-24.583000,[R]: 50 
22-57-24.593000,[R]: 0 
22-57-24.600000,S 1 	RSSI: 48
22-57-24.603000,[R]: 50 
22-57-24.612000,[R]: 0 
22-57-24.619000,S 1 	RSSI: 48
22-57-24.622000,[R]: 50 
22-57-24.632000,[R]: 0 
22-57-24.639000,S 1 	RSSI: 48
22-57-24.642000,[R]: 50 
22-57-24.653000,[R]: 0 
22-57-24.659000,S 1 	RSSI: 48
22-57-24.662000,[R]: 50 
22-57-24.672000,[R]: 0 
22-57-24.679000,S 1 	RSSI: 48
22-57-24.683000,[R]: 50 
22-57-24.699000,S 1 	RSSI: 48
22-57-24.702000,[R]: 50 
22-57-24.707000,[R]: 0 
22-57-24.712000,[R]: 0 
22-57-24.720000,S 1 	RSSI: 48
22-57-24.722000,[R]: 50 
22-57-24.732000,[R]: 0 
22-57-24.740000,S 1 	RSSI: 48
22-57-24.743000,[R]: 50 
22-57-24.752000,[R]: 0 
22-57-24.760000,S 1 	RSSI: 48
22-57-24.762000,[R]: 50 
22-57-24.773000,[R]: 0 
22-57-24.780000,S 1 	RSSI: 48
22-57-24.782000,[R]: 50 
22-57-24.793000,[R]: 0 
22-57-24.800000,S 1 	RSSI: 48
22-57-24.802000,[R]: 50 
22-57-24.813000,[R]: 0 
22-57-24.820000,S 1 	RSSI: 48
22-57-24.822000,[R]: 50 
22-57-24.833000,[R]: 0 
22-57-24.840000,S 1 	RSSI: 48
22-57-24.842000,[R]: 50 
22-57-24.853000,[R]: 0 
22-57-24.860000,S 1 	RSSI: 48
22-57-24.863000,[R]: 50 
22-57-24.863000,[R]: 0 
22-57-24.873000,[R]: 0 
22-57-24.880000,S 1 	RSSI: 48
22-57-24.883000,[R]: 50 
22-57-24.893000,[R]: 0 
22-57-24.900000,S 1 	RSSI: 48
22-57-24.903000,[R]: 50 
22-57-24.913000,[R]: 0 
22-57-24.921000,S 1 	RSSI: 48
22-57-24.923000,[R]: 50 
22-57-24.934000,[R]: 0 
22-57-24.940000,S 1 	RSSI: 48
22-57-24.943000,[R]: 50 
22-57-24.953000,[R]: 0 
22-57-24.960000,S 1 	RSSI: 48
22-57-24.963000,[R]: 50 
22-57-24.973000,[R]: 0 
22-57-24.980000,S 1 	RSSI: 48
22-57-24.983000,[R]: 50 
22-57-24.992000,[R]: 0 
22-57-24.999000,S 1 	RSSI: 48
22-57-25.002000,[R]: 50 
22-57-25.006000,[R]: 0 
22-57-25.012000,[R]: 0 
22-57-25.019000,S 1 	RSSI: 48
22-57-25.022000,[R]: 50 
22-57-25.039000,S 1 	RSSI: 48
22-57-25.042000,[R]: 50 
22-57-25.052000,[R]: 0 
22-57-25.059000,S 1 	RSSI: 48
22-57-25.062000,[R]: 50 
22-57-25.072000,[R]: 0 
22-57-25.079000,S 1 	RSSI: 48
22-57-25.082000,[R]: 50 
22-57-25.092000,[R]: 0 
22-57-25.099000,S 1 	RSSI: 48
22-57-25.102000,[R]: 50 
22-57-25.112000,[R]: 0 
22-57-25.119000,S 1 	RSSI: 48
22-57-25.122000,[R]: 50 
22-57-25.132000,[R]: 0 
22-57-25.139000,S 1 	RSSI: 48
22-57-25.143000,[R]: 50 
22-57-25.143000,[R]: 0 
22-57-25.152000,[R]: 0 
22-57-25.159000,S 1 	RSSI: 48
22-57-25.163000,[R]: 50 
22-57-25.167000,[R]: 0 
22-57-25.172000,[R]: 0 
22-57-25.180000,S 1 	RSSI: 48
22-57-25.182000,[R]: 50 
22-57-25.192000,[R]: 0 
22-57-25.200000,S 1 	RSSI: 48
22-57-25.207000,[R]: 50 
22-57-25.213000,[R]: 0 
22-57-25.220000,S 1 	RSSI: 48
22-57-25.224000,[R]: 50 
22-57-25.233000,[R]: 0 
22-57-25.240000,S 1 	RSSI: 48
22-57-25.243000,[R]: 50 
22-57-25.253000,[R]: 0 
22-57-25.260000,S 1 	RSSI: 48
22-57-25.263000,[R]: 50 
22-57-25.273000,[R]: 0 
22-57-25.280000,S 1 	RSSI: 48
22-57-25.285000,[R]: 50 
22-57-25.293000,[R]: 0 
22-57-25.300000,S 1 	RSSI: 48
22-57-25.303000,[R]: 50 
22-57-25.313000,[R]: 0 
22-57-25.320000,S 1 	RSSI: 48
22-57-25.323000,[R]: 50 
22-57-25.333000,[R]: 0 
22-57-25.340000,S 1 	RSSI: 48
22-57-25.343000,[R]: 50 
22-57-25.353000,[R]: 0 
22-57-25.359000,S 1 	RSSI: 48
22-57-25.362000,[R]: 50 
22-57-25.372000,[R]: 0 
22-57-25.379000,S 1 	RSSI: 48
22-57-25.382000,[R]: 50 
22-57-25.392000,[R]: 0 
22-57-25.399000,S 1 	RSSI: 48
22-57-25.402000,[R]: 50 
22-57-25.403000,[R]: 0 
22-57-25.412000,[R]: 0 
22-57-25.419000,S 1 	RSSI: 48
22-57-25.422000,[R]: 50 
22-57-25.432000,[R]: 0 
22-57-25.439000,S 1 	RSSI: 48
22-57-25.442000,[R]: 50 
22-57-25.452000,[R]: 0 
22-57-25.459000,S 1 	RSSI: 48
22-57-25.462000,[R]: 50 
22-57-25.472000,[R]: 0 
22-57-25.479000,S 1 	RSSI: 48
22-57-25.482000,[R]: 50 
22-57-25.492000,[R]: 0 
22-57-25.499000,S 1 	RSSI: 48
22-57-25.502000,[R]: 50 
22-57-25.512000,[R]: 0 
22-57-25.519000,S 1 	RSSI: 48
22-57-25.522000,[R]: 50 
22-57-25.526000,S 1 	RSSI: 48
22-57-25.532000,[R]: 0 
22-57-25.540000,S 1 	RSSI: 48
22-57-25.542000,[R]: 50 
22-57-25.552000,[R]: 0 
22-57-25.560000,S 1 	RSSI: 48
22-57-25.563000,[R]: 50 
22-57-25.572000,[R]: 0 
22-57-25.580000,S 1 	RSSI: 48
22-57-25.582000,[R]: 50 
22-57-25.592000,[R]: 0 
22-57-25.600000,S 1 	RSSI: 48
22-57-25.603000,[R]: 50 
22-57-25.613000,[R]: 0 
